title,price,rating,reviews,availability,brand,color,rank,date,gender,Brand
REORIA Womens Sexy Square Neck Sleeveless Tank Tops Bodysuits Clubwear,$25.99 ,4.4 out of 5 stars,"4,736 ratings",Not Available,Brand Not Found,01-black,Rank Not Found,Date Not Found,Women,REORIA 
MakeMeChic Women's 4pcs Casual Solid Sleevelss Ribbed Knit Bodysuit Pack,$47.99 ,4.0 out of 5 stars,"1,027 ratings",Not Available,Brand Not Found,A Multi,Rank Not Found,Date Not Found,Women,MakeMeChic 
MakeMeChic Women's Summer Crop Top Solid Short Sleeve Twist Front Tee T-Shirt,$10.99 ,4.0 out of 5 stars,"16,668 ratings",Not Available,Brand Not Found,Khaki,Rank Not Found,Date Not Found,Women,MakeMeChic
MEROKEETY Womens V Neck Tank Tops Summer Sleeveless Ribbed Button Casual Henley Shirts,$24.99 ,4.3 out of 5 stars,"5,448 ratings",Not Available,Brand Not Found,White,Rank Not Found,Date Not Found,Women,MEROKEETY 
Crop Top Athletic Shirts for Women Yoga Workout Sleeveless Summer Tops Y2K Fashion Tank Clothes,$22.99 ,Previous page of related Sponsored Products,,In Stock,Brand Not Found,Pink,Rank Not Found,Date Not Found,Women,Amazon
KINSWT Shorts for Women Casual Summer Elastic Drawstring Comfy Shorts Pocketed,$29.99 ,4.5 out of 5 stars,53 ratings,In stock,Brand Not Found,B-green,Rank Not Found,Date Not Found,Women,KINSWT 
Aifer Womens Blouses Ruffle Short Sleeve Tops Dressy Chiffon Blouse Casual Crewneck Tshirts Plain Shirts Back Keyhole,$23.99 ,4.4 out of 5 stars,20 ratings,Usually ships within 5 to 7 weeks,Brand Not Found,Wine Red,Rank Not Found,Date Not Found,Women,Aifer
Floral Tops for Women Plus Size Womens Summer Tops Cute Flowers Graphic Tees Going Out Casual Short Sleeve Shirts Blouses,$8.79 ,5.0 out of 5 stars,6 ratings,In Stock,Brand Not Found,A Yellow,Rank Not Found,Date Not Found,Women,Amazon
"Summer Tops for Women 2023,Womens Summer Casual Zip Half Open Short Sleeves Fashion Animal Print Cutout Top Workout",$19.98 ,Previous page of related Sponsored Products,,In Stock,Brand Not Found,Shirtk-sky Blue,Rank Not Found,Date Not Found,Women,Amazon
Dokotoo Womens Tops Crewneck Paisley Print Blouses Dressy Casual Bell Sleeve Babydoll Shirts,$19.99 ,Previous page of related Sponsored Products,,,Brand Not Found,Multicolor,Rank Not Found,Date Not Found,Women,Dokotoo
ADHOWBEW Womens 2023 Casual Short Sleeve O Neck Striped Tshirt Dress with Pockets,$13.99 ,Previous page of related Sponsored Products,,In Stock,Brand Not Found,B-yellow,Rank Not Found,Date Not Found,Women,ADHOWBEW 
Cotton Blouses for Women Casual Summer Beach Fashion 2023 Vacation Trendy Tops Crew Neck Summer Clothes,$17.49 ,Previous page of related Sponsored Products,,In Stock,Brand Not Found,Pink,Rank Not Found,Date Not Found,Women,Cotton 
"Amazon Essentials Women's Cotton Bikini Brief Underwear (Available in Plus Size), Multipacks",$7.65 ,4.5 out of 5 stars,"139,624 ratings",Not Available,Brand Not Found,Summer/Floral,Rank Not Found,Date Not Found,Women,Amazon
"Amazon Essentials Women's Classic-Fit Short-Sleeve Crewneck T-Shirt, Multipacks",$9.07 ,4.4 out of 5 stars,"43,710 ratings",Not Available,Brand Not Found,Burgundy/Navy,Rank Not Found,Date Not Found,Women,Amazon
"Amazon Essentials Women's Slim-Fit Camisole, Pack of 4",$23.60 ,4.4 out of 5 stars,"36,917 ratings",Not Available,Brand Not Found,Black/White,Rank Not Found,Date Not Found,Women,Amazon
"Amazon Essentials Women's Relaxed-Fit Short-Sleeve V-Neck Tunic (Available in Plus Size), Multipacks",$6.64 ,4.2 out of 5 stars,"5,853 ratings",Not Available,Brand Not Found,Black,Rank Not Found,Date Not Found,Women,Amazon
Amazon Essentials Women's Fashion Studio Terry Jumpsuit,$28.50 ,4.2 out of 5 stars,475 ratings,Not Available,Brand Not Found,Black,Rank Not Found,Date Not Found,Women,Amazon
Amazon Essentials Women's Classic-Fit Long-Sleeve Full-Zip Polar Soft Fleece Jacket (Available in Plus Size),$11.66 ,4.5 out of 5 stars,"46,308 ratings",Not Available,Brand Not Found,Charcoal Heather,Rank Not Found,Date Not Found,Women,Amazon
Amazon Essentials Women's Relaxed-Fit Short-Sleeve Scoopneck Swing Tee (Available in Plus Size),$7.94 ,4.3 out of 5 stars,"7,898 ratings",Not Available,Brand Not Found,Burgundy,Rank Not Found,Date Not Found,Women,Amazon
Amazon Essentials Women's Classic-Fit Long-Sleeve Button-Down Poplin Shirt,$13.96 ,4.2 out of 5 stars,"14,777 ratings",Not Available,Brand Not Found,Gingham,Rank Not Found,Date Not Found,Women,Amazon
ETCYY Womens Cap Sleeve Tops 2023 Trendy Floral Print Summer Tops Loose Fit Lace T Shirts Blouses,$20.98 ,4.2 out of 5 stars,98 ratings,Not Available,Brand Not Found,A Pure Gray,Rank Not Found,Date Not Found,Women,ETCYY
MEROKEETY Women's Summer Lace Short Sleeve V Neck Tops Shirt Loose Casual Waffle Tee Blouse,$27.99 ,4.0 out of 5 stars,"1,664 ratings",Not Available,Brand Not Found,Apricot,Rank Not Found,Date Not Found,Women,MEROKEETY 
Dokotoo Women's Casual V Neck Tops Drawstring Short Sleeve T Shirt Blouses,$18.99 ,4.1 out of 5 stars,"1,978 ratings",Not Available,Brand Not Found,Red,Rank Not Found,Date Not Found,Women,Dokotoo
Womens Sleeveless Tank Tops Loose Fit Summer Fashion Sexy V Neck Tee Shirt Top,$18.98 ,4.3 out of 5 stars,"1,024 ratings",Not Available,Brand Not Found,Hlmouth,Rank Not Found,Date Not Found,Women,Womens 
REORIA Women’s Sexy Sleeveless Racer Back Tank Tops Halter Neck Crop Tops,$23.99 ,4.6 out of 5 stars,"10,264 ratings",Not Available,Brand Not Found,Black,Rank Not Found,Date Not Found,Women,REORIA 
AUTOMET Womens 2 Piece Outfits Lounge Matching Sets Two Piece Linen Shorts Crop Tops 2023 Trendy Clothes Summer Vacation Set,$29.99 ,3.9 out of 5 stars,92 ratings,Not Available,Brand Not Found,Armygreen,Rank Not Found,Date Not Found,Women,AUTOMET 
Ekouaer Womens Silk Satin Tank Tops V Neck Casual Cami Sleeveless Camisole Blouses Summer Basic Tank Shirt,$25.99 ,4.1 out of 5 stars,"1,722 ratings",Not Available,Brand Not Found,Aa-white,Rank Not Found,Date Not Found,Women,Ekouaer
Ulekuke Womens 2 Piece Outfits Casual Loungewear Sets Stripe Long Sleeve Shirt And Loose High Waisted Mini Shorts Set,$32.99 ,3.7 out of 5 stars,141 ratings,Not Available,Brand Not Found,White,Rank Not Found,Date Not Found,Women,Ulekuke 
PRETTYGARDEN Women's Short Sleeve Casual T Shirts Summer Ruffle Plain Round Neck Loose Fit Tee Blouse Tops,$25.98 ,4.2 out of 5 stars,"2,484 ratings",Not Available,Brand Not Found,Pink,Rank Not Found,Date Not Found,Women,PRETTYGARDEN 
Artfish Women's Sleeveless Strappy Tank Square Neck Double Layer Workout Fitness Casual Basic Crop Tops,$19.99 ,4.1 out of 5 stars,"5,647 ratings",Not Available,Brand Not Found,Mocha Brown,Rank Not Found,Date Not Found,Women,Artfish 
PRETTYGARDEN Women's Summer Casual Two Piece Outfits Sweatsuits Tank Scoop Neck Ribbed Knit Long Pants Tracksuits,$36.99 ,4.0 out of 5 stars,"1,601 ratings",Not Available,Brand Not Found,Black,Rank Not Found,Date Not Found,Women,PRETTYGARDEN
2 Piece Outfits for Women Sexy Backless Short Sleeve Crop Top High Waist Wide Leg Long Pant Sets Tracksuit Sport Set,$34.99 ,3.8 out of 5 stars,"2,611 ratings",Not Available,Brand Not Found,9318-orange,Rank Not Found,Date Not Found,Women,Amazon
WAYMAKER Women's Sexy One Shoulder Cutout Front Backless Sleeveless Bodysuit Tank Top,$23.99 ,4.5 out of 5 stars,33 ratings,In Stock,Brand Not Found,Nude,Rank Not Found,Date Not Found,Women,WAYMAKER 
ETCYY Summer Tops for Women 2023 Trendy Causal Cute Tank Tops Loose Fit Tie Dye Lace V Neck Sleeveless Shirts Blouse,$18.79 ,3.7 out of 5 stars,53 ratings,In Stock,Brand Not Found,Pure Black,Rank Not Found,Date Not Found,Women,ETCYY 
Sunborui Women's Summer Short Sleeve V Neck T Shirts Pocket Solid Loose Casual Tee Tops,$20.98 ,4.2 out of 5 stars,589 ratings,Only 5 left in stock - order soon,Brand Not Found,A-brown,Rank Not Found,Date Not Found,Women,Sunborui 
Grlasen Women Fashion Summer V-Neck Half Sleeves T Shirt Casual Loose Solid Blouse Tops,$20.99 ,3.6 out of 5 stars,216 ratings,In Stock,Brand Not Found,Orange,Rank Not Found,Date Not Found,Women,Grlasen
Mirteron Womens Casual Fashion Tanks Tops V Neck Knotted Detail Tank Tops Sleeveless Blouses Shirts,$19.99 ,4.1 out of 5 stars,35 ratings,Not Available,Brand Not Found,A Apricot,Rank Not Found,Date Not Found,Women,Mirteron
PRETTYGARDEN Women's 2 Piece Summer Outftis Casual Floral One Shoulder Crop Top High Waisted Maxi Skirt Set Boho Dress,$32.99 ,4.4 out of 5 stars,48 ratings,Not Available,Brand Not Found,Floral White,Rank Not Found,Date Not Found,Women,PRETTYGARDEN
CATHY Womens Short Sleeve Casual T-Shirts V Neck Tops Tee Loose Comfy Tunic Blouse Lightweight Cute,$25.99 ,4.2 out of 5 stars,"5,173 ratings",In Stock,Brand Not Found,Floral White,Rank Not Found,Date Not Found,Women,CATHY 
"BALEAF Women's Bermuda Long Shorts Athletic High Waisted Shorts 10"" Casual Summer Running Quick Dry Knee Length",$26.99 ,4.5 out of 5 stars,"5,507 ratings",In Stock,Brand Not Found,Black,Rank Not Found,Date Not Found,Women,BALEAF
Miusey Womens Sleeveless Round Neck Loose Fit Racerback Yoga Tank Top,$19.99 ,4.4 out of 5 stars,"5,423 ratings",In Stock,Brand Not Found,Gray,Rank Not Found,Date Not Found,Women,Miusey 
THE GYM PEOPLE Bootleg Yoga Capris Pants for Women Tummy Control High Waist Workout Flare Crop Pants with Pockets,$27.99 ,4.1 out of 5 stars,"6,230 ratings",In Stock,Brand Not Found,Black,Rank Not Found,Date Not Found,Women,Amazon
GLIGLITTR Women's Summer Sunflower T Shirt Cute Flower Graphic Loose Tees Crew Neck Short Sleeve Casual Tops,$22.99 ,4.5 out of 5 stars,"6,825 ratings",In Stock,Brand Not Found,Yellow,Rank Not Found,Date Not Found,Women,GLIGLITTR 
Dokotoo Womens Color Block Button Down Shirts Long Sleeve Oversized Boyfriend Blouses Tops,$34.99 ,4.1 out of 5 stars,605 ratings,Not Available,Brand Not Found,2 Grey,Rank Not Found,Date Not Found,Women,Dokotoo 
Imily Bela Womens Summer Zipper Knit Crop Tops Going Out Sweater Tank Fashion Sexy Y2k Sleeveless Shirts,$21.98 ,4.7 out of 5 stars,10 ratings,Not Available,Brand Not Found,Khaki,Rank Not Found,Date Not Found,Women,Imily Bela 
Funlingo Women's 2023 Summer Petal Short Sleeve T-Shirts Casual V Neck Eyelet Tops Tunic Blouses,$19.99 ,Previous page of related Sponsored Products,,In Stock,Brand Not Found,White,Rank Not Found,Date Not Found,Women,Funlingo
ETCYY Sleeveless Tank Tops for Women Summer Tops V Neck Tie Dye Cute Printed Loose Fit Workout Yoga Shirt,$17.80 ,3.9 out of 5 stars,"9,314 ratings",In Stock,Brand Not Found,A Stripe Pink,Rank Not Found,Date Not Found,Women,ETCYY 
BETTE BOUTIK Tank Tops for Women Pleated Sleeveless Blouse Short Sleeve Tops Basic Shirts S-3XL,$23.99 ,4.9 out of 5 stars,26 ratings,In Stock,Brand Not Found,2-orange Cashew,Rank Not Found,Date Not Found,Women,BETTE BOUTIK 
WAYMAKER Women's Sexy Sleeveless Button Down Ribbed Henley Bodysuits Tank Tops Jumpsuits,$19.99 ,4.1 out of 5 stars,103 ratings,In Stock,Brand Not Found,Khaki,Rank Not Found,Date Not Found,Women,WAYMAKER
miduo Womens V Neck Strappy Tank Tops Loose Casual Sleeveless Shirts Blouses,$20.99 ,4.2 out of 5 stars,"4,261 ratings",Not Available,Brand Not Found,A White,Rank Not Found,Date Not Found,Women,miduo 
Dokotoo Women's V Neck Lace Crochet Eyelet Tops Short Sleeve Casual Shirts Blouses,$29.99 ,4.1 out of 5 stars,"1,515 ratings",Not Available,Brand Not Found,A White,Rank Not Found,Date Not Found,Women,Dokotoo 
Women's Backless T-Shirts Y2K Crop Top Solid Casual Long Sleeve Sexy Vintage Cut Out 2023 Summer Fashion,$16.99 ,3.9 out of 5 stars,777 ratings,Not Available,Brand Not Found,Black,Rank Not Found,Date Not Found,Women,Amazon
AGSEEM Two Piece Outfits For Women Summer V Neck T-Shirt Tops Biker Shorts Workout Sports Tracksuit,$23.99 ,4.7 out of 5 stars,14 ratings,Not Available,Brand Not Found,Khaki,Rank Not Found,Date Not Found,Women,AGSEEM 
MIROL Women's Short Sleeve Tunic Tops 2023 Basic Loose T Shirts Solid Color Batwing Cap Sleeve Casual Tee,$22.88 ,4.3 out of 5 stars,"8,430 ratings",In Stock,Brand Not Found,Khaki,Rank Not Found,Date Not Found,Women,MIROL 
CNFUFEN Womens Leopard Print Cute Tshirts Fashion Knotted Blouse Off-Shoulder Short Sleeve Top,$19.54 ,4.0 out of 5 stars,522 ratings,In Stock,Brand Not Found,1-pea Green,Rank Not Found,Date Not Found,Women,CNFUFEN 
Sunborui Women's Sleeveless V Neck Tank Tops Summer Casual Basic Solid Color Camis Tee Shirts,$20.98 ,3.9 out of 5 stars,944 ratings,In Stock,Brand Not Found,C-brown,Rank Not Found,Date Not Found,Women,Sunborui 
Anyally Womens Summer Dressy Chiffon Blouses V Neck Short Sleeve Tunic Tops for Leggings Casual T-Shirts,$28.99 ,4.4 out of 5 stars,183 ratings,,Brand Not Found,Petal Sleeve/Khaki,Rank Not Found,Date Not Found,Women,Anyally 
Dokotoo Womens Blouses and Tops Short Sleeve Chiffon Shirts and Tops,$22.09 ,3.9 out of 5 stars,"2,043 ratings",Not Available,Brand Not Found,7 a White,Rank Not Found,Date Not Found,Women,Dokotoo 
Dokotoo Womens 2023 Fashion Print Kimono Tassel Casual Cardigan Loose Cover up,$25.96 ,4.2 out of 5 stars,"6,808 ratings",In Stock,Brand Not Found,White,Rank Not Found,Date Not Found,Women,Dokotoo 
Dokotoo Women's Casual Boho Floral Printed V Neck Tops Drawstring Short Long Sleeve T Shirt Blouses,$24.88 ,3.9 out of 5 stars,"7,972 ratings",Not Available,Brand Not Found,A Khaki,Rank Not Found,Date Not Found,Women,Dokotoo 
Dokotoo Women's Casual V Neck Ruffle Sleeve Summer Tank Tops Shirts,$22.88 ,4.1 out of 5 stars,854 ratings,Not Available,Brand Not Found,A White,Rank Not Found,Date Not Found,Women,Dokotoo
Trendy Queen Womens Tracksuits Summer 2 Piece Outfits Short Sets Sleeveless Two Piece Lounge High Waisted Shorts with Pockets,$34.99 ,4.2 out of 5 stars,217 ratings,Not Available,Brand Not Found,Beige,Rank Not Found,Date Not Found,Women,Amazon
VICHYIE Women Tank Tops Summer Sleeveless Basic Cami Top Shirt Slim Knit Ribbed Racerback Blouses,$18.99 ,4.5 out of 5 stars,"24,359 ratings",Not Available,Brand Not Found,Black,Rank Not Found,Date Not Found,Women,VICHYIE 
SHEWIN Women's Casual Boho Floral Print V Neck Long Sleeve Loose Blouses Shirts Tops,$25.98 ,4.0 out of 5 stars,"11,349 ratings",Not Available,Brand Not Found,1 Floral Multicolor,Rank Not Found,Date Not Found,Women,SHEWIN 
AUTOMET 2 Piece Outfits for Women Lounge Matching Sets Linen Long Pants Tracksuits with Pockets 2023 Summer Vacation Clothes,$29.99 ,Previous page of related Sponsored Products,,Not Available,Brand Not Found,Navyblue,Rank Not Found,Date Not Found,Women,AUTOMET
ARRIVE GUIDE Crop Top Athletic Shirts for Women Cute Sleeveless Yoga Tops Running Gym Workout Shirts,$19.99 ,4.4 out of 5 stars,"5,725 ratings",Not Available,Brand Not Found,Army Green,Rank Not Found,Date Not Found,Women,ARRIVE 
Womens Summer Tops Casual Country V Neck Tee Shirts Petal Sleeve Fashion Loose Blouse,$23.98 ,4.1 out of 5 stars,156 ratings,Not Available,Brand Not Found,B-green,Rank Not Found,Date Not Found,Women,Amazon
SweatyRocks Women's Color Block Half Sleeve High Low Casual Loose T-Shirt Tops,$24.99 ,4.2 out of 5 stars,"7,652 ratings",Not Available,Brand Not Found,Blue White,Rank Not Found,Date Not Found,Women,SweatyRock
Allimy Women Summer Casual Split V Neckline Chiffon Blouses Loose Tunic Short Sleeve Tops,$25.99 ,4.0 out of 5 stars,"19,988 ratings",Not Available,Brand Not Found,Purple,Rank Not Found,Date Not Found,Women,Allimy 
HOTAPEI Women's V Neck Knit Tank Tops Casual Color Block Striped Sleeveless Shirts,$24.99 ,4.0 out of 5 stars,"3,498 ratings",Not Available,Brand Not Found,Apricot,Rank Not Found,Date Not Found,Women,HOTAPEI 
Levi's Women's Premium 501 Original Shorts,$38.14 ,4.3 out of 5 stars,"2,745 ratings",Not Available,Brand Not Found,Luxor Heat,Rank Not Found,Date Not Found,Women,Levi's 
BTFBM Women 2023 Summer Spring Boho Long Skirts Dress Floral Print Elastic Waist Split Ruffle High Low Beach Maxi Skirt,$32.99 ,4.2 out of 5 stars,"5,505 ratings",Not Available,Brand Not Found,X-red,Rank Not Found,Date Not Found,Women,BTFBM 
Women Sexy Hollow Retro Halter Camisole Summer Fashion Solid Color Aesthetic Vintage Sleeveless Backless Slim Crop Tops,$16.99 ,4.6 out of 5 stars,3 ratings,Not Available,Brand Not Found,White-3,Rank Not Found,Date Not Found,Women,Amazon
Vivilli Women's Tops and Blouses Short Sleeve Business Casual Collared Tunic Shirt,$26.99 ,4.7 out of 5 stars,8 ratings,Not Available,Brand Not Found,Army Green,Rank Not Found,Date Not Found,Women,Vivilli
AUTOMET Womens 2 Piece Outfits Lounge Sets Sleeveless Crop Top and Drawstring Shorts Sweatsuits Summer Casual Tracksuits 2023,$30.99 ,4.5 out of 5 stars,46 ratings,Not Available,Brand Not Found,Green,Rank Not Found,Date Not Found,Women,AUTOMET 
PRETTYGARDEN Women's 2 Piece Summer Outfits Crewneck Tank Tops Split Bodycon Midi Skirt Dress Set,$38.99 ,4.3 out of 5 stars,125 ratings,Not Available,Brand Not Found,Black,Rank Not Found,Date Not Found,Women,PRETTYGARDEN
BLENCOT Women Lace Trim Tank Tops V Neck Fashion Casual Sleeveless Blouse Vest Shirts,$17.95 ,4.1 out of 5 stars,"16,561 ratings",Not Available,Brand Not Found,Black,Rank Not Found,Date Not Found,Women,BLENCO
AUTOMET Womens 2 Piece Outfits Lounge Matching Sets Two Piece Linen Shorts Spring Tops 2023 Trendy Clothes Summer Vacation,$24.99 ,4.0 out of 5 stars,155 ratings,Not Available,Brand Not Found,Green,Rank Not Found,Date Not Found,Women,AUTOMET 
Trendy Queen Two Piece Outfits Women Summer Shorts Sets 2 Piece Sleeveless Matching Lounge Crop Top and High Waisted Shorts,$30.99 ,4.4 out of 5 stars,28 ratings,Not Available,Brand Not Found,Green,Rank Not Found,Date Not Found,Women,Amazon
MIHOLL Womens Casual Tops Sleeveless Cute Twist Knot Waffle Knit Shirts Tank Tops,$9.99 ,4.3 out of 5 stars,"17,888 ratings",Not Available,Brand Not Found,A01_ Mauve Red,Rank Not Found,Date Not Found,Women,MIHOLL 
Ezbelle Women's Two Piece Outfit Short Sleeve Crewneck Crop Tops and Pockets Wide Leg Long Pants Tracksuit Sweatsuits,$29.99 ,4.3 out of 5 stars,13 ratings,Not Available,Brand Not Found,Navy Blue,Rank Not Found,Date Not Found,Women,Ezbelle 
"BALEAF Women's Bermuda Long Shorts Athletic High Waisted Shorts 10"" Casual Summer Running Quick Dry Knee Length",$26.99 ,4.5 out of 5 stars,"5,507 ratings",In Stock,Brand Not Found,Black,Rank Not Found,Date Not Found,Women,BALEAF
GLIGLITTR Women's Summer Sunflower T Shirt Cute Flower Graphic Loose Tees Crew Neck Short Sleeve Casual Tops,$22.99 ,4.5 out of 5 stars,"6,825 ratings",In Stock,Brand Not Found,Light Green,Rank Not Found,Date Not Found,Women,GLIGLITTR 
Anyally Womens Summer Dressy Chiffon Blouses V Neck Short Sleeve Tunic Tops for Leggings Casual T-Shirts,$28.99 ,4.4 out of 5 stars,183 ratings,,Brand Not Found,Petal Sleeve/Khaki,Rank Not Found,Date Not Found,Women,Anyally 
LOLONG Womens Sexy V Neck Spaghetti Strap Shirts Solid Tank Tops,$21.99 ,4.2 out of 5 stars,"2,670 ratings",In Stock,Brand Not Found,A_ Beige,Rank Not Found,Date Not Found,Women,LOLONG 
Anymiss 2023 Womens Summer Tunic Tops Casual Petal Short Sleeve Blouse Loose Fit Hawaiian Shirts,$24.99 ,4.6 out of 5 stars,70 ratings,In Stock,Brand Not Found,White,Rank Not Found,Date Not Found,Women,Amazon
MIROL Women's Cap Sleeve Tank Tops U Neck Solid Color Casual Shirts Loose Fit Basic Blouse,$21.99 ,4.1 out of 5 stars,"2,623 ratings",In Stock,Brand Not Found,Black,Rank Not Found,Date Not Found,Women,MIROL 
REORIA Womens Sexy Square Neck Sleeveless Tank Tops Bodysuits Clubwear,$25.99 ,4.4 out of 5 stars,"4,736 ratings",Not Available,Brand Not Found,01-black,Rank Not Found,Date Not Found,Women,REORIA
MakeMeChic Women's 4pcs Casual Solid Sleevelss Ribbed Knit Bodysuit Pack,$47.99 ,4.0 out of 5 stars,"1,027 ratings",Not Available,Brand Not Found,A Multi,Rank Not Found,Date Not Found,Women,MakeMeChic
MakeMeChic Women's Summer Crop Top Solid Short Sleeve Twist Front Tee T-Shirt,$17.99 ,4.0 out of 5 stars,"16,668 ratings",Not Available,Brand Not Found,Khaki,Rank Not Found,Date Not Found,Women,MakeMeChic 
MEROKEETY Womens V Neck Tank Tops Summer Sleeveless Ribbed Button Casual Henley Shirts,$24.99 ,4.3 out of 5 stars,"5,448 ratings",Not Available,Brand Not Found,White,Rank Not Found,Date Not Found,Women,MEROKEETY
ANRABESS Women's Casual Loose Sundress Long Dress Sleeveless Split Maxi Dresses Summer Beach Dress with Pockets,$35.99 ,4.3 out of 5 stars,"18,491 ratings",Not Available,Brand Not Found,02 Winered,Rank Not Found,Date Not Found,Women,ANRABESS
MEROKEETY Women's Summer Striped Short Sleeve T Shirt Dress Casual Tie Waist with Pockets,$37.99 ,4.4 out of 5 stars,"25,315 ratings",Not Available,Brand Not Found,Lightgrey,Rank Not Found,Date Not Found,Women,MEROKEETY 
BTFBM Women 2023 Summer Sleeveless Tank Dresses Crew Neck Slim Fit Short Casual Ruched Bodycon Party Club Mini Dress,$27.05 ,4.2 out of 5 stars,"37,586 ratings",Not Available,Brand Not Found,Pink,Rank Not Found,Date Not Found,Women,BTFBM 
Relipop Women's Jumpsuit Floral Print V Neck Baggy Sleeve Waist Tie Double Layer Ruffle Hem Short Mini Dress Romper,$37.99 ,4.4 out of 5 stars,"25,297 ratings",Not Available,Brand Not Found,T12,Rank Not Found,Date Not Found,Women,Relipop 
PRETTYGARDEN Women's Summer Casual Boho Dress Floral Print Ruffle Puff Sleeve High Waist Midi Beach Dresses,$43.99 ,4.1 out of 5 stars,"8,069 ratings",Not Available,Brand Not Found,Apricot,Rank Not Found,Date Not Found,Women,PRETTYGARDEN 
Summer Dresses for Women Beach Floral Tshirt Sundress Sleeveless Pockets Casual Loose Tank Dress,$18.99 ,4.3 out of 5 stars,"21,856 ratings",Not Available,Brand Not Found,Multicolor,Rank Not Found,Date Not Found,Women,Amazon
Made By Johnny Women's Solid Short Sleeve Boat Neck V Neck Dolman Top with Side Shirring,$18.75 ,4.2 out of 5 stars,"57,131 ratings",Not Available,Brand Not Found,Wt1037_aqua,Rank Not Found,Date Not Found,Women,Amazon
PRETTYGARDEN Women's Summer Casual Deep V Neck Short Sleeve Wrap Drawstring Waist Jumpsuit Romper,$36.99 ,4.3 out of 5 stars,"12,633 ratings",Not Available,Brand Not Found,Grey,Rank Not Found,Date Not Found,Women,PRETTYGARDEN 
KINSWT Shorts for Women Casual Summer Elastic Drawstring Comfy Shorts Pocketed,$29.99 ,4.2 out of 5 stars,53 ratings,Not Available,Brand Not Found,B-green,Rank Not Found,Date Not Found,Women,KINSWT 
Aifer Womens Blouses Ruffle Short Sleeve Tops Dressy Chiffon Blouse Casual Crewneck Tshirts Plain Shirts Back Keyhole,$23.99 ,4.4 out of 5 stars,20 ratings,Not Available,Brand Not Found,Wine Red,Rank Not Found,Date Not Found,Women,Aifer 
Floral Tops for Women Plus Size Womens Summer Tops Cute Flowers Graphic Tees Going Out Casual Short Sleeve Shirts Blouses,$8.29 ,5.0 out of 5 stars,6 ratings,Not Available,Brand Not Found,A Yellow,Rank Not Found,Date Not Found,Women,Amazon
"Summer Tops for Women 2023,Womens Summer Casual Zip Half Open Short Sleeves Fashion Animal Print Cutout Top Workout",$9.99 ,Previous page of related Sponsored Products,,Not Available,Brand Not Found,Shirtk-sky Blue,Rank Not Found,Date Not Found,Women,Amazon
Dokotoo Womens Tops Crewneck Paisley Print Blouses Dressy Casual Bell Sleeve Babydoll Shirts,$19.99 ,Previous page of related Sponsored Products,,Not Available,Brand Not Found,Multicolor,Rank Not Found,Date Not Found,Women,Dokotoo 
ADHOWBEW Womens 2023 Casual Short Sleeve O Neck Striped Tshirt Dress with Pockets,$13.99 ,Previous page of related Sponsored Products,,Not Available,Brand Not Found,B-yellow,Rank Not Found,Date Not Found,Women,ADHOWBEW 
Cotton Blouses for Women Casual Summer Beach Fashion 2023 Vacation Trendy Tops Crew Neck Summer Clothes,$3.97 ,Previous page of related Sponsored Products,,Not Available,Brand Not Found,Pink,Rank Not Found,Date Not Found,Women,Amazon
ADHOWBEW Womens Casual Fashion Sleeveless O Neck Button Tank Top,$13.98 ,Previous page of related Sponsored Products,,Not Available,Brand Not Found,Blue,Rank Not Found,Date Not Found,Women,ADHOWBEW 
ETCYY Womens Cap Sleeve Tops 2023 Trendy Floral Print Summer Tops Loose Fit Lace T Shirts Blouses,$20.98 ,4.2 out of 5 stars,98 ratings,Not Available,Brand Not Found,A Pure Gray,Rank Not Found,Date Not Found,Women,ETCYY 
MEROKEETY Women's Summer Lace Short Sleeve V Neck Tops Shirt Loose Casual Waffle Tee Blouse,$27.99 ,4.0 out of 5 stars,"1,664 ratings",Not Available,Brand Not Found,Apricot,Rank Not Found,Date Not Found,Women,MEROKEETY 
Dokotoo Women's Casual V Neck Tops Drawstring Short Sleeve T Shirt Blouses,$18.99 ,4.1 out of 5 stars,"1,978 ratings",Not Available,Brand Not Found,Red,Rank Not Found,Date Not Found,Women,Dokotoo 
Womens Sleeveless Tank Tops Loose Fit Summer Fashion Sexy V Neck Tee Shirt Top,$18.98 ,4.3 out of 5 stars,"1,024 ratings",Not Available,Brand Not Found,Hlmouth,Rank Not Found,Date Not Found,Women,Amazon
REORIA Women’s Sexy Sleeveless Racer Back Tank Tops Halter Neck Crop Tops,$23.99 ,4.6 out of 5 stars,"10,264 ratings",Not Available,Brand Not Found,Black,Rank Not Found,Date Not Found,Women,REORIA
AUTOMET Womens 2 Piece Outfits Lounge Matching Sets Two Piece Linen Shorts Crop Tops 2023 Trendy Clothes Summer Vacation Set,$29.99 ,3.9 out of 5 stars,92 ratings,Not Available,Brand Not Found,Armygreen,Rank Not Found,Date Not Found,Women,AUTOMET 
Ekouaer Womens Silk Satin Tank Tops V Neck Casual Cami Sleeveless Camisole Blouses Summer Basic Tank Shirt,$25.99 ,4.1 out of 5 stars,"1,722 ratings",Not Available,Brand Not Found,Aa-white,Rank Not Found,Date Not Found,Women,Ekouaer 
Ulekuke Womens 2 Piece Outfits Casual Loungewear Sets Stripe Long Sleeve Shirt And Loose High Waisted Mini Shorts Set,$32.99 ,3.7 out of 5 stars,141 ratings,Not Available,Brand Not Found,White,Rank Not Found,Date Not Found,Women,Ulekuke 
PRETTYGARDEN Women's Short Sleeve Casual T Shirts Summer Ruffle Plain Round Neck Loose Fit Tee Blouse Tops,$25.98 ,4.2 out of 5 stars,"2,484 ratings",Not Available,Brand Not Found,Pink,Rank Not Found,Date Not Found,Women,PRETTYGARDEN 
Artfish Women's Sleeveless Strappy Tank Square Neck Double Layer Workout Fitness Casual Basic Crop Tops,$21.99 ,4.1 out of 5 stars,"5,647 ratings",Not Available,Brand Not Found,Mocha Brown,Rank Not Found,Date Not Found,Women,Artfish 
PRETTYGARDEN Women's Summer Casual Two Piece Outfits Sweatsuits Tank Scoop Neck Ribbed Knit Long Pants Tracksuits,$36.99 ,4.0 out of 5 stars,"1,601 ratings",Not Available,Brand Not Found,Black,Rank Not Found,Date Not Found,Women,PRETTYGARDEN 
WAYMAKER Women's Sexy One Shoulder Cutout Front Backless Sleeveless Bodysuit Tank Top,$23.99 ,4.5 out of 5 stars,33 ratings,In Stock,Brand Not Found,Nude,Rank Not Found,Date Not Found,Women,WAYMAKER 
WELINCO Womens Summer Casual V Neck Petal Sleeve T-Shirts Basic Tops,$21.99 ,4.6 out of 5 stars,24 ratings,In Stock,Brand Not Found,Brown,Rank Not Found,Date Not Found,Women,WELINCO
Sunborui Women's Summer Short Sleeve V Neck T Shirts Pocket Solid Loose Casual Tee Tops,$20.98 ,4.2 out of 5 stars,589 ratings,Only 5 left in stock - order soon,Brand Not Found,A-brown,Rank Not Found,Date Not Found,Women,Sunborui 
Grlasen Women Fashion Summer V-Neck Half Sleeves T Shirt Casual Loose Solid Blouse Tops,$20.99 ,3.6 out of 5 stars,216 ratings,In Stock,Brand Not Found,Orange,Rank Not Found,Date Not Found,Women,Grlasen
2 Piece Outfits for Women Sexy Backless Short Sleeve Crop Top High Waist Wide Leg Long Pant Sets Tracksuit Sport Set,$34.99 ,3.8 out of 5 stars,"2,611 ratings",Not Available,Brand Not Found,9318-orange,Rank Not Found,Date Not Found,Women,Amazon
Mirteron Womens Casual Fashion Tanks Tops V Neck Knotted Detail Tank Tops Sleeveless Blouses Shirts,$19.99 ,4.1 out of 5 stars,35 ratings,Not Available,Brand Not Found,A Apricot,Rank Not Found,Date Not Found,Women,Mirteron 
PRETTYGARDEN Women's 2 Piece Summer Outftis Casual Floral One Shoulder Crop Top High Waisted Maxi Skirt Set Boho Dress,$32.99 ,4.4 out of 5 stars,48 ratings,Not Available,Brand Not Found,Floral White,Rank Not Found,Date Not Found,Women,PRETTYGARDEN 
Dokotoo Womens Color Block Button Down Shirts Long Sleeve Oversized Boyfriend Blouses Tops,$34.99 ,4.1 out of 5 stars,605 ratings,Not Available,Brand Not Found,2 Grey,Rank Not Found,Date Not Found,Women,Dokotoo 
ANRABESS Women's Summer Short Sleeve Striped Jumpsuit Rompers with Pockets Short Pant Rompers Pajamas Loungewear,$30.99 ,4.3 out of 5 stars,"8,991 ratings",In Stock,Brand Not Found,01 Orange Red,Rank Not Found,Date Not Found,Women,ANRABESS 
Funlingo Women's 2023 Summer Petal Short Sleeve T-Shirts Casual V Neck Eyelet Tops Tunic Blouses,$19.99 ,Previous page of related Sponsored Products,,In Stock,Brand Not Found,White,Rank Not Found,Date Not Found,Women,Funlingo 
ETCYY Sleeveless Tank Tops for Women Summer Tops V Neck Tie Dye Cute Printed Loose Fit Workout Yoga Shirt,$17.80 ,3.9 out of 5 stars,"9,314 ratings",In Stock,Brand Not Found,A Stripe Pink,Rank Not Found,Date Not Found,Women,ETCYY
OWIN Women's Summer Round Neck Ruffle Short Sleeve T shirts Bodysuit Stretchy Slim Fit Ribbed Knit Leotard Tops,$21.98 ,4.7 out of 5 stars,21 ratings,In Stock,Brand Not Found,Pink,Rank Not Found,Date Not Found,Women,OWIN 
Imily Bela Womens Summer Zipper Knit Crop Tops Going Out Sweater Tank Fashion Sexy Y2k Sleeveless Shirts,$21.98 ,4.7 out of 5 stars,10 ratings,Not Available,Brand Not Found,Khaki,Rank Not Found,Date Not Found,Women,Imily Bela
miduo Womens V Neck Strappy Tank Tops Loose Casual Sleeveless Shirts Blouses,$20.99 ,4.2 out of 5 stars,"4,261 ratings",Not Available,Brand Not Found,A White,Rank Not Found,Date Not Found,Women,miduo 
Dokotoo Women's V Neck Lace Crochet Eyelet Tops Short Sleeve Casual Shirts Blouses,$29.99 ,4.1 out of 5 stars,"1,515 ratings",Not Available,Brand Not Found,A White,Rank Not Found,Date Not Found,Women,Dokotoo 
Women's Backless T-Shirts Y2K Crop Top Solid Casual Long Sleeve Sexy Vintage Cut Out 2023 Summer Fashion,$16.99 ,3.9 out of 5 stars,777 ratings,Not Available,Brand Not Found,Black,Rank Not Found,Date Not Found,Women,Amazon
BETTE BOUTIK Tank Tops for Women Pleated Sleeveless Blouse Short Sleeve Tops Basic Shirts S-3XL,$23.99 ,4.9 out of 5 stars,26 ratings,In Stock,Brand Not Found,2-orange Cashew,Rank Not Found,Date Not Found,Women,BETTE BOUTIK 
ETCYY Summer Tops for Women 2023 Trendy Causal Cute Tank Tops Loose Fit Tie Dye Lace V Neck Sleeveless Shirts Blouse,$18.79 ,3.7 out of 5 stars,53 ratings,In Stock,Brand Not Found,Pure Black,Rank Not Found,Date Not Found,Women,ETCYY 
WAYMAKER Women's Sexy Sleeveless Button Down Ribbed Henley Bodysuits Tank Tops Jumpsuits,$19.99 ,4.1 out of 5 stars,103 ratings,In Stock,Brand Not Found,Khaki,Rank Not Found,Date Not Found,Women,WAYMAKER
AGSEEM Two Piece Outfits For Women Summer V Neck T-Shirt Tops Biker Shorts Workout Sports Tracksuit,$23.99 ,4.7 out of 5 stars,14 ratings,Not Available,Brand Not Found,Khaki,Rank Not Found,Date Not Found,Women,AGSEEM 
Dokotoo Womens Blouses and Tops Short Sleeve Chiffon Shirts and Tops,$22.93 ,3.9 out of 5 stars,"2,043 ratings",Not Available,Brand Not Found,7 a White,Rank Not Found,Date Not Found,Women,Dokotoo 
Dokotoo Womens 2023 Fashion Print Kimono Tassel Casual Cardigan Loose Cover up,$25.96 ,4.2 out of 5 stars,"6,808 ratings",In Stock,Brand Not Found,White,Rank Not Found,Date Not Found,Women,Dokotoo 
Dokotoo Women's Casual Boho Floral Printed V Neck Tops Drawstring Short Long Sleeve T Shirt Blouses,$24.88 ,3.9 out of 5 stars,"7,972 ratings",Not Available,Brand Not Found,A Khaki,Rank Not Found,Date Not Found,Women,Dokotoo
Dokotoo Women's Casual V Neck Ruffle Sleeve Summer Tank Tops Shirts,$22.88 ,4.1 out of 5 stars,854 ratings,Not Available,Brand Not Found,A White,Rank Not Found,Date Not Found,Women,Dokotoo 
Trendy Queen Womens Tracksuits Summer 2 Piece Outfits Short Sets Sleeveless Two Piece Lounge High Waisted Shorts with Pockets,$34.99 ,4.2 out of 5 stars,217 ratings,Not Available,Brand Not Found,Beige,Rank Not Found,Date Not Found,Women,Amazon
VICHYIE Women Tank Tops Summer Sleeveless Basic Cami Top Shirt Slim Knit Ribbed Racerback Blouses,$18.99 ,4.5 out of 5 stars,"24,359 ratings",Not Available,Brand Not Found,Black,Rank Not Found,Date Not Found,Women,VICHYIE 
SHEWIN Women's Casual Boho Floral Print V Neck Long Sleeve Loose Blouses Shirts Tops,$28.98 ,4.0 out of 5 stars,"11,349 ratings",Not Available,Brand Not Found,1 Floral Multicolor,Rank Not Found,Date Not Found,Women,SHEWIN 
AUTOMET 2 Piece Outfits for Women Lounge Matching Sets Linen Long Pants Tracksuits with Pockets 2023 Summer Vacation Clothes,$29.99 ,Previous page of related Sponsored Products,,Not Available,Brand Not Found,Navyblue,Rank Not Found,Date Not Found,Women,AUTOMET
ARRIVE GUIDE Crop Top Athletic Shirts for Women Cute Sleeveless Yoga Tops Running Gym Workout Shirts,$19.99 ,4.4 out of 5 stars,"5,725 ratings",Not Available,Brand Not Found,Army Green,Rank Not Found,Date Not Found,Women,ARRIVE GUIDE
Womens Summer Tops Casual Country V Neck Tee Shirts Petal Sleeve Fashion Loose Blouse,$23.98 ,4.1 out of 5 stars,156 ratings,Not Available,Brand Not Found,B-green,Rank Not Found,Date Not Found,Women,Amazon
SweatyRocks Women's Color Block Half Sleeve High Low Casual Loose T-Shirt Tops,$24.99 ,4.2 out of 5 stars,"7,652 ratings",Not Available,Brand Not Found,Blue White,Rank Not Found,Date Not Found,Women,SweatyRocks 
Allimy Women Summer Casual Split V Neckline Chiffon Blouses Loose Tunic Short Sleeve Tops,$25.99 ,4.0 out of 5 stars,"19,988 ratings",Not Available,Brand Not Found,Purple,Rank Not Found,Date Not Found,Women,Allimy
HOTAPEI Women's V Neck Knit Tank Tops Casual Color Block Striped Sleeveless Shirts,$24.99 ,4.0 out of 5 stars,"3,498 ratings",Not Available,Brand Not Found,Apricot,Rank Not Found,Date Not Found,Women,HOTAPEI
Levi's Women's Premium 501 Original Shorts,$38.14 ,4.3 out of 5 stars,"2,745 ratings",Not Available,Brand Not Found,Luxor Heat,Rank Not Found,Date Not Found,Women,Levi's 
BTFBM Women 2023 Summer Spring Boho Long Skirts Dress Floral Print Elastic Waist Split Ruffle High Low Beach Maxi Skirt,$32.99 ,4.2 out of 5 stars,"5,505 ratings",Not Available,Brand Not Found,X-red,Rank Not Found,Date Not Found,Women,BTFBM
Women Sexy Hollow Retro Halter Camisole Summer Fashion Solid Color Aesthetic Vintage Sleeveless Backless Slim Crop Tops,$16.99 ,4.6 out of 5 stars,3 ratings,Not Available,Brand Not Found,White-3,Rank Not Found,Date Not Found,Women,Amazon
Vivilli Women's Tops and Blouses Short Sleeve Business Casual Collared Tunic Shirt,$26.99 ,4.7 out of 5 stars,8 ratings,Not Available,Brand Not Found,Army Green,Rank Not Found,Date Not Found,Women,Vivilli 
AUTOMET Womens 2 Piece Outfits Lounge Sets Sleeveless Crop Top and Drawstring Shorts Sweatsuits Summer Casual Tracksuits 2023,$30.99 ,4.5 out of 5 stars,46 ratings,Not Available,Brand Not Found,Green,Rank Not Found,Date Not Found,Women,AUTOMET 
PRETTYGARDEN Women's 2 Piece Summer Outfits Crewneck Tank Tops Split Bodycon Midi Skirt Dress Set,$39.99 ,4.3 out of 5 stars,125 ratings,Not Available,Brand Not Found,Black,Rank Not Found,Date Not Found,Women,PRETTYGARDEN
BLENCOT Women Lace Trim Tank Tops V Neck Fashion Casual Sleeveless Blouse Vest Shirts,$17.95 ,4.1 out of 5 stars,"16,561 ratings",Not Available,Brand Not Found,Black,Rank Not Found,Date Not Found,Women,BLENCOT
AUTOMET Womens 2 Piece Outfits Lounge Matching Sets Two Piece Linen Shorts Spring Tops 2023 Trendy Clothes Summer Vacation,$24.99 ,4.0 out of 5 stars,155 ratings,Not Available,Brand Not Found,Green,Rank Not Found,Date Not Found,Women,AUTOMET 
Trendy Queen Two Piece Outfits Women Summer Shorts Sets 2 Piece Sleeveless Matching Lounge Crop Top and High Waisted Shorts,$30.99 ,4.4 out of 5 stars,28 ratings,Not Available,Brand Not Found,Green,Rank Not Found,Date Not Found,Women,Amazon
MIHOLL Womens Casual Tops Sleeveless Cute Twist Knot Waffle Knit Shirts Tank Tops,$22.99 ,4.3 out of 5 stars,"17,888 ratings",Not Available,Brand Not Found,A01_ Mauve Red,Rank Not Found,Date Not Found,Women,MIHOLL 
Ezbelle Women's Two Piece Outfit Short Sleeve Crewneck Crop Tops and Pockets Wide Leg Long Pants Tracksuit Sweatsuits,$29.99 ,4.3 out of 5 stars,13 ratings,Not Available,Brand Not Found,Navy Blue,Rank Not Found,Date Not Found,Women,Ezbelle
"BALEAF Women's Bermuda Long Shorts Athletic High Waisted Shorts 10"" Casual Summer Running Quick Dry Knee Length",$26.99 ,4.5 out of 5 stars,"5,507 ratings",In Stock,Brand Not Found,Black,Rank Not Found,Date Not Found,Women,BALEAF 
GLIGLITTR Women's Summer Sunflower T Shirt Cute Flower Graphic Loose Tees Crew Neck Short Sleeve Casual Tops,$22.99 ,4.5 out of 5 stars,"6,825 ratings",In Stock,Brand Not Found,Light Green,Rank Not Found,Date Not Found,Women,GLIGLITTR 
Anyally Womens Summer Dressy Chiffon Blouses V Neck Short Sleeve Tunic Tops for Leggings Casual T-Shirts,$28.99 ,4.4 out of 5 stars,183 ratings,,Brand Not Found,Petal Sleeve/Khaki,Rank Not Found,Date Not Found,Women,Anyally
Sunborui Women's Summer Short Sleeve V Neck T Shirts Pocket Solid Loose Casual Tee Tops,$20.98 ,4.2 out of 5 stars,589 ratings,In Stock,Brand Not Found,Navy,Rank Not Found,Date Not Found,Women,Sunborui 
LOLONG Womens Sexy V Neck Spaghetti Strap Shirts Solid Tank Tops,$21.99 ,4.2 out of 5 stars,"2,670 ratings",In Stock,Brand Not Found,A_ Beige,Rank Not Found,Date Not Found,Women,LOLONG
Grlasen Women Fashion Summer V-Neck Half Sleeves T Shirt Casual Loose Solid Blouse Tops,$20.99 ,3.6 out of 5 stars,216 ratings,In Stock,Brand Not Found,Orange,Rank Not Found,Date Not Found,Women,Grlasen 
Funlingo Women's 2023 Summer Petal Short Sleeve T-Shirts Casual V Neck Eyelet Tops Tunic Blouses,$19.99 ,Previous page of related Sponsored Products,,In Stock,Brand Not Found,White,Rank Not Found,Date Not Found,Women,Funlingo
Sunborui Women's Summer Short Sleeve V Neck T Shirts Pocket Solid Loose Casual Tee Tops,$20.98 ,4.2 out of 5 stars,589 ratings,Only 5 left in stock - order soon,Brand Not Found,A-brown,Rank Not Found,Date Not Found,Women,Sunborui 
ETCYY Summer Tops for Women 2023 Trendy Causal Cute Tank Tops Loose Fit Tie Dye Lace V Neck Sleeveless Shirts Blouse,$18.79 ,3.7 out of 5 stars,53 ratings,In Stock,Brand Not Found,Pure Black,Rank Not Found,Date Not Found,Women,ETCYY
SHEWIN Women's Casual Boho Floral Print V Neck Long Sleeve Loose Blouses Shirts Tops,$28.98 ,4.0 out of 5 stars,"11,349 ratings",Not Available,Brand Not Found,1 Floral Multicolor,Rank Not Found,Date Not Found,Women,SHEWIN 
ANRABESS Women's Casual Loose Sundress Long Dress Sleeveless Split Maxi Dresses Summer Beach Dress with Pockets,$35.99 ,4.3 out of 5 stars,"18,491 ratings",Not Available,Brand Not Found,Olive,Rank Not Found,Date Not Found,Women,ANRABESS
Allimy Women Summer Casual Split V Neckline Chiffon Blouses Loose Tunic Short Sleeve Tops,$25.99 ,4.0 out of 5 stars,"19,988 ratings",Not Available,Brand Not Found,Purple,Rank Not Found,Date Not Found,Women,Allimy 
CATHY Womens Short Sleeve Casual T-Shirts V Neck Tops Tee Loose Comfy Tunic Blouse Lightweight Cute,$25.99 ,4.2 out of 5 stars,"5,173 ratings",In Stock,Brand Not Found,Floral White,Rank Not Found,Date Not Found,Women,CATHY 
"Viodia Women's 20"" Knee Length Skorts Skirts UPF50+ Athletic Tennis Golf Skirt for Women Casual Summer Skirts",$35.99 ,4.2 out of 5 stars,"1,973 ratings",In Stock,Brand Not Found,Deep Gray,Rank Not Found,Date Not Found,Women,Viodia 
Sunborui Women's Summer Short Sleeve V Neck T Shirts Pocket Solid Loose Casual Tee Tops,$20.98 ,4.2 out of 5 stars,589 ratings,,Brand Not Found,A-brown,Rank Not Found,Date Not Found,Women,Sunborui 
NEYOUQE Womens Fashion Cozy Hot Pants Casual Summer Elastic Waist Comfy Shorts with Pocket Printed Loungewear,$27.99 ,4.2 out of 5 stars,122 ratings,In Stock,Brand Not Found,A0021 Light Blue,Rank Not Found,Date Not Found,Women,NEYOUQE
Miusey Womens Sleeveless Round Neck Loose Fit Racerback Yoga Tank Top,$19.99 ,4.4 out of 5 stars,"5,423 ratings",In Stock,Brand Not Found,Gray,Rank Not Found,Date Not Found,Women,Miusey
BLENCOT Women Lace Trim Tank Tops V Neck Fashion Casual Sleeveless Blouse Vest Shirts,$17.95 ,4.1 out of 5 stars,"16,561 ratings",Not Available,Brand Not Found,Black,Rank Not Found,Date Not Found,Women,BLENCOT 
Trendy Queen Womens Tracksuits Summer 2 Piece Outfits Short Sets Sleeveless Two Piece Lounge High Waisted Shorts with Pockets,$34.99 ,4.2 out of 5 stars,217 ratings,Not Available,Brand Not Found,Beige,Rank Not Found,Date Not Found,Women,Amazon
HOTAPEI Women's V Neck Knit Tank Tops Casual Color Block Striped Sleeveless Shirts,$24.99 ,4.0 out of 5 stars,"3,498 ratings",Not Available,Brand Not Found,Apricot,Rank Not Found,Date Not Found,Women,HOTAPEI 
Ezbelle Women's Two Piece Outfit Short Sleeve Crewneck Crop Tops and Pockets Wide Leg Long Pants Tracksuit Sweatsuits,$29.99 ,4.3 out of 5 stars,13 ratings,Not Available,Brand Not Found,Navy Blue,Rank Not Found,Date Not Found,Women,Ezbelle 
Women Sexy Hollow Retro Halter Camisole Summer Fashion Solid Color Aesthetic Vintage Sleeveless Backless Slim Crop Tops,$16.99 ,4.6 out of 5 stars,3 ratings,Not Available,Brand Not Found,White-3,Rank Not Found,Date Not Found,Women,Amazon
SweatyRocks Women's Color Block Half Sleeve High Low Casual Loose T-Shirt Tops,$24.99 ,4.2 out of 5 stars,"7,652 ratings",Not Available,Brand Not Found,Blue White,Rank Not Found,Date Not Found,Women,SweatyRocks 
viyabling Beach Pants for Women Summer Womens Wide Leg Linen Palazzo Pants Dressy Casual Elastic Waisted Loose Fit Trousers,$7.99 ,3.0 out of 5 stars,1 rating,Not Available,Brand Not Found,A1-army Green,Rank Not Found,Date Not Found,Women,Amazon
Womens Summer Tops Casual Country V Neck Tee Shirts Petal Sleeve Fashion Loose Blouse,$23.98 ,4.1 out of 5 stars,156 ratings,Not Available,Brand Not Found,B-green,Rank Not Found,Date Not Found,Women,Amazon
AUTOMET Womens 2 Piece Outfits Lounge Sets Sleeveless Crop Top and Drawstring Shorts Sweatsuits Summer Casual Tracksuits 2023,$30.99 ,4.5 out of 5 stars,46 ratings,Not Available,Brand Not Found,Green,Rank Not Found,Date Not Found,Women,AUTOMET 
BETTE BOUTIK Tank Tops for Women Pleated Sleeveless Blouse Short Sleeve Tops Basic Shirts S-3XL,$23.99 ,4.9 out of 5 stars,26 ratings,In Stock,Brand Not Found,2-orange Cashew,Rank Not Found,Date Not Found,Women,BETTE BOUTIK 
WAYMAKER Women's Sexy One Shoulder Cutout Front Backless Sleeveless Bodysuit Tank Top,$23.99 ,4.5 out of 5 stars,33 ratings,In Stock,Brand Not Found,Nude,Rank Not Found,Date Not Found,Women,WAYMAKER
CNFUFEN Womens Leopard Print Cute Tshirts Fashion Knotted Blouse Off-Shoulder Short Sleeve Top,$19.54 ,4.0 out of 5 stars,522 ratings,In Stock,Brand Not Found,1-pea Green,Rank Not Found,Date Not Found,Women,CNFUFEN 
BTFBM Women's Summer Boho Shirt Top Ruffle Short Sleeve Frill Trim Mock Neck Floral Print 2023 Casual Blouses Shirts Tops,$26.99 ,4.4 out of 5 stars,136 ratings,In Stock,Brand Not Found,Floral Pink,Rank Not Found,Date Not Found,Women,BTFBM 
AUTOMET Womens 2 Piece Outfits Lounge Matching Sets Two Piece Linen Shorts Spring Tops 2023 Trendy Clothes Summer Vacation,$24.99 ,4.0 out of 5 stars,155 ratings,Not Available,Brand Not Found,Green,Rank Not Found,Date Not Found,Women,AUTOMET 
Amazon Essentials Women's Sleeveless Woven Shift Dress,$19.69 ,4.2 out of 5 stars,"1,745 ratings",Not Available,Brand Not Found,Black,Rank Not Found,Date Not Found,Women,Amazon
PRETTYGARDEN Women's 2 Piece Summer Outfits Crewneck Tank Tops Split Bodycon Midi Skirt Dress Set,$39.99 ,4.3 out of 5 stars,125 ratings,Not Available,Brand Not Found,Black,Rank Not Found,Date Not Found,Women,PRETTYGARDEN 
MIHOLL Womens Casual Tops Sleeveless Cute Twist Knot Waffle Knit Shirts Tank Tops,$9.99 ,4.3 out of 5 stars,"17,888 ratings",Not Available,Brand Not Found,A01_ Mauve Red,Rank Not Found,Date Not Found,Women,MIHOLL 
LYANER Women's Two Piece Outfits Off Shoulder Crop Top and High Low Skirt Set,$36.99 ,3.6 out of 5 stars,37 ratings,In Stock,Brand Not Found,Black#,Rank Not Found,Date Not Found,Women,LYANER 
Fixmatti 2 Piece Casual Outfits Long Sleeve Button Down Shirt and Shorts Sweatsuit Sets,$36.99 ,3.9 out of 5 stars,98 ratings,Only 4 left in stock - order soon,Brand Not Found,Sky Blue,Rank Not Found,Date Not Found,Women,Fixmatti
ANRABESS Women's Summer Short Sleeve Striped Jumpsuit Rompers with Pockets Short Pant Rompers Pajamas Loungewear,$30.99 ,4.3 out of 5 stars,"8,991 ratings",In Stock,Brand Not Found,01 Orange Red,Rank Not Found,Date Not Found,Women,ANRABESS 
VIISHOW Womens Tie Front Chiffon Blouses V Neck Batwing Short Sleeve Summer Tops Shirts,$26.99 ,4.3 out of 5 stars,"8,284 ratings",Only 5 left in stock - order soon,Brand Not Found,Black Dot,Rank Not Found,Date Not Found,Women,VIISHOW 
CUPSHE Bikini Set for Women Two Piece Swimsuits High Waisted Adjustable Spaghetti Straps Back Hook Backless,$29.99 ,4.0 out of 5 stars,29 ratings,Not Available,Brand Not Found,Black,Rank Not Found,Date Not Found,Women,CUPSHE 
SAUKOLE Summer Tank Tops for Women V Neck Womens Fashion Sleeveless Top Loose Fit Casual Stripe Shirts Blouse,$21.98 ,4.3 out of 5 stars,"1,769 ratings",Not Available,Brand Not Found,4#dbutterflyblack,Rank Not Found,Date Not Found,Women,SAUKOLE
ANRABESS Women's Summer Straps One Shoulder Pleated High Waist Casual Wide Leg Jumpsuit Romper with Pockets,$43.99 ,4.1 out of 5 stars,"4,192 ratings",Not Available,Brand Not Found,Gray Blue,Rank Not Found,Date Not Found,Women,ANRABESS 
"Rubbermaid Reveal Spray Microfiber Floor Cleaning Kit for Laminate & Hardwood Floors, Spray Mop with Reusable Washable Pads, Commercial",$44.90 ,4.5 out of 5 stars,"11,481 ratings",In Stock,Brand Not Found,Color Not Found,Rank Not Found,Date Not Found,Women,Rubbermaid
Dokotoo Womens 2023 Summer Dress Sleeveless Crew Neck Mini Tank Dress Short Flowy Sundress with Pockets,$26.98 ,4.4 out of 5 stars,37 ratings,Not Available,Brand Not Found,A Khaki,Rank Not Found,Date Not Found,Women,Dokotoo
Alex Evenings Women's Short Shift Dress with Embellished Illusion Detail,$114.00 ,4.3 out of 5 stars,496 ratings,Not Available,Brand Not Found,Navy,Rank Not Found,Date Not Found,Women,Alex Evenings 
BTFBM Women 2023 Summer Sleeveless Cutout Halter Maxi Dress Backless Boho Casual Beach Party Cocktail Slit Sun Dresses,$40.99 ,4.1 out of 5 stars,94 ratings,Not Available,Brand Not Found,Solid Black,Rank Not Found,Date Not Found,Women,BTFBM 
Dokotoo Womens 2023 V Neck Camisole Leaf Print Tanks Tops and Blouse S-XXL,$20.89 ,3.9 out of 5 stars,"6,514 ratings",Not Available,Brand Not Found,A Green,Rank Not Found,Date Not Found,Women,Dokotoo 
Aifer Women's Casual V Neck Chiffon Blouses Pleated Flattering Dressy Tops Elegant Work Shirts Tunic Outfits,$26.99 ,4.3 out of 5 stars,433 ratings,Not Available,Brand Not Found,Grey Blue,Rank Not Found,Date Not Found,Women,Aifer 
Trendy Queen Two Piece Outfits Women Summer Shorts Sets 2 Piece Sleeveless Matching Lounge Crop Top and High Waisted Shorts,$30.99 ,4.4 out of 5 stars,28 ratings,Not Available,Brand Not Found,Green,Rank Not Found,Date Not Found,Women,Amazon
AGSEEM Two Piece Outfits For Women Summer V Neck T-Shirt Tops Biker Shorts Workout Sports Tracksuit,$23.99 ,4.7 out of 5 stars,14 ratings,Not Available,Brand Not Found,Khaki,Rank Not Found,Date Not Found,Women,AGSEEM 
ZESICA Women's 2023 Summer Wrap V Neck Bohemian Floral Print Ruffle Swing A Line Beach Mini Dress,$25.15 ,4.1 out of 5 stars,"17,093 ratings",Not Available,Brand Not Found,Lychee Red,Rank Not Found,Date Not Found,Women,ZESICA 
Floerns Women's Ripped Raw Hem High Waisted Distressed Denim Shorts,$30.99 ,3.8 out of 5 stars,"1,358 ratings",Not Available,Brand Not Found,A Light Wash Blue,Rank Not Found,Date Not Found,Women,Floerns 
TOMS Women's Suede Majcut Black 10009812,$65.18 ,4.5 out of 5 stars,"3,364 ratings",Not Available,Brand Not Found,Natural,Rank Not Found,Date Not Found,Women,TOMS 
YUTANRAL Womens 2023 Summer Bodycon Dresses Sexy One Shoulder Satin Ruched Slit Club Cocktail Formal Dresses,$20.99 ,5.0 out of 5 stars,4 ratings,Not Available,Brand Not Found,C Black,Rank Not Found,Date Not Found,Women,YUTANRAL 
Kafeimali Women's Fashion Summer Leopard Beach Shorts Casual Short Pants,$11.98 ,4.3 out of 5 stars,"13,734 ratings",Not Available,Brand Not Found,Color Not Found,Rank Not Found,Date Not Found,Women,Kafeimali 
XIEERDUO Women's V Neck Lace Tank Tops Summer Casual Sleeveless Shirts Tops Side Split,$21.99 ,4.0 out of 5 stars,"25,071 ratings",Not Available,Brand Not Found,Aa-black,Rank Not Found,Date Not Found,Women,XIEERDUO 
BTFBM Women's 2023 Summer Casual Beach Dresses Crew Neck Short Sleeve Wrap Party Club Mini Ruched Bodycon T Shirt Dress,$33.99 ,4.2 out of 5 stars,"26,393 ratings",Not Available,Brand Not Found,Blue,Rank Not Found,Date Not Found,Women,BTFBM 
PRETTYGARDEN Women's Shirts Summer Casual Crewneck Lace Crochet Short Sleeve Blouses Cute Floral Print Loose Tunic Tops,$27.99 ,4.5 out of 5 stars,490 ratings,Not Available,Brand Not Found,A-dot White Blue,Rank Not Found,Date Not Found,Women,PRETTYGARDEN 
Geifa Summer Tank Tops for Women Pleated Spaghetti Strap Camisole Loose Fit Casual Sleeveless,$22.99 ,4.3 out of 5 stars,"1,525 ratings",Not Available,Brand Not Found,01-coral,Rank Not Found,Date Not Found,Women,Geifa 
Dokotoo Womens Casual Sleeveless Shirts Halter Neck Leopard Print Tank Top and Blouses,$21.98 ,4.2 out of 5 stars,"1,830 ratings",Not Available,Brand Not Found,Leopard,Rank Not Found,Date Not Found,Women,Dokotoo 
SOLY HUX Women's Graphic Oversized Tees Letter Print Summer Tops Vintage Half Sleeve Loose Casual T Shirts,$19.99 ,4.5 out of 5 stars,"5,643 ratings",Not Available,Brand Not Found,Khaki,Rank Not Found,Date Not Found,Women,SOLY HUX 
EOLIK Women Crewneck T Shirts 2023 Sunflower Printed Summer Tops Fashion Graphic Loose Tees Short Sleeve Casual Tunic Blouses,$4.00 ,Previous page of related Sponsored Products,,Not Available,Brand Not Found,I-white,Rank Not Found,Date Not Found,Women,EOLIK 
Dokotoo Women's Loose Sleeveless Jumpsuits Adjustable Spaghetti Strap Stretchy Long Pant Romper Jumpsuit with Pockets,$29.88 ,4.2 out of 5 stars,"6,779 ratings",Not Available,Brand Not Found,Black,Rank Not Found,Date Not Found,Women,Dokotoo 
Dokotoo Womens Casual Short Sleeve Side Split Button Down Long Kimonos Cardigans Swimsuit Cover Ups,$37.59 ,4.1 out of 5 stars,"2,942 ratings",Not Available,Brand Not Found,Apricot,Rank Not Found,Date Not Found,Women,Dokotoo 
Dokotoo Women's Casual 3/4 Sleeve Loose Tunic Tops Blouses,$22.99 ,4.3 out of 5 stars,64 ratings,Not Available,Brand Not Found,Brown,Rank Not Found,Date Not Found,Women,Dokotoo 
SOLY HUX Womens Summer Dress Casual Ditsy Floral Tie Front Button Up Boho Midi Tshirt Dresses,$46.99 ,3.8 out of 5 stars,521 ratings,Not Available,Brand Not Found,Blue,Rank Not Found,Date Not Found,Women,SOLY HUX 
"Amazon Essentials Women's Slim-Fit Short-Sleeve V-Neck T-Shirt, Pack of 2",$13.66 ,4.5 out of 5 stars,"12,020 ratings",Not Available,Brand Not Found,Charcoal Heather/Light Grey Heather,Rank Not Found,Date Not Found,Women,Amazon
XianNv Dresses for Women 2023 Summer Fashion Casual Womens Dress Set Plus Size Floral Printed 2 Piece Beach Midi Dress,$76.63 ,Previous page of related Sponsored Products,,Not Available,Brand Not Found,02-dark Blue,Rank Not Found,Date Not Found,Women,XianNv
Dokotoo Womens Halter Neck Sleeveless Floral Print & Solid Rompers Jumpsuits,$35.69 ,4.0 out of 5 stars,"2,708 ratings",Not Available,Brand Not Found,Ruffle Black,Rank Not Found,Date Not Found,Women,Dokotoo 
Levi's Women's 501 Original Shorts,$19.98 ,4.3 out of 5 stars,"22,772 ratings",Not Available,Brand Not Found,Sansome Straggler,Rank Not Found,Date Not Found,Women,Levi's
Columbia Women's Heavenly HDD Jacket,$135.03 ,4.7 out of 5 stars,"3,387 ratings",Not Available,Brand Not Found,Black,Rank Not Found,Date Not Found,Women,Columbia 
Dokotoo Womens 2023 Fashion Jean Shorts Distressed Drawstring Elastic Waist Denim Shorts with Pocketed,$31.49 ,4.2 out of 5 stars,100 ratings,In Stock,Brand Not Found,A Black,Rank Not Found,Date Not Found,Women,Dokotoo 
Grlasen Women Fashion Summer V-Neck Half Sleeves T Shirt Casual Loose Solid Blouse Tops,$20.99 ,3.6 out of 5 stars,216 ratings,In Stock,Brand Not Found,Orange,Rank Not Found,Date Not Found,Women,Grlasen 
Funlingo Women's 2023 Summer Petal Short Sleeve T-Shirts Casual V Neck Eyelet Tops Tunic Blouses,$19.99 ,Previous page of related Sponsored Products,,In Stock,Brand Not Found,White,Rank Not Found,Date Not Found,Women,Funlingo 
ETCYY Summer Tops for Women 2023 Trendy Causal Cute Tank Tops Loose Fit Tie Dye Lace V Neck Sleeveless Shirts Blouse,$18.79 ,3.7 out of 5 stars,53 ratings,In Stock,Brand Not Found,Pure Black,Rank Not Found,Date Not Found,Women,ETCYY 
Cocktail Dresses for Women Evening Party Sexy Casual One Shoulder Sleeveless Slit Sequin Smocked Midi Club Dress,$20.39 ,Previous page of related Sponsored Products,,Not Available,Brand Not Found,A-red,Rank Not Found,Date Not Found,Women,Cocktail
SheIn Women's Puff Sleeve Casual Solid Top Pullover Keyhole Back Blouse,$28.99 ,3.9 out of 5 stars,"10,678 ratings",Not Available,Brand Not Found,Pink,Rank Not Found,Date Not Found,Women,SheIn 
Dokotoo Womens 2023 Short Sleeve Split V Neck Ruffle Chiffon Elegant Mini Short Skirt Dresses,$37.96 ,3.7 out of 5 stars,904 ratings,Not Available,Brand Not Found,Z Black,Rank Not Found,Date Not Found,Women,Dokotoo 
Sunborui Women's Summer Short Sleeve V Neck T Shirts Pocket Solid Loose Casual Tee Tops,$20.98 ,4.2 out of 5 stars,589 ratings,,Brand Not Found,A-brown,Rank Not Found,Date Not Found,Women,Sunborui 
NEYOUQE Womens Fashion Cozy Hot Pants Casual Summer Elastic Waist Comfy Shorts with Pocket Printed Loungewear,$27.99 ,4.2 out of 5 stars,122 ratings,In Stock,Brand Not Found,A0021 Light Blue,Rank Not Found,Date Not Found,Women,NEYOUQE 
"Viodia Women's 20"" Knee Length Skorts Skirts UPF50+ Athletic Tennis Golf Skirt for Women Casual Summer Skirts",$35.99 ,4.2 out of 5 stars,"1,973 ratings",In Stock,Brand Not Found,Deep Gray,Rank Not Found,Date Not Found,Women,Viodia
Miusey Womens Sleeveless Round Neck Loose Fit Racerback Yoga Tank Top,$19.99 ,4.4 out of 5 stars,"5,423 ratings",In Stock,Brand Not Found,Gray,Rank Not Found,Date Not Found,Women,Miusey
KORALHY Women's Sports Polo Shirts UPF50+ Sleeveless Golf Shirts V Neck 4-Button Quick Dry Tank Tops,$10.99 ,4.3 out of 5 stars,385 ratings,,Brand Not Found,Green,Rank Not Found,Date Not Found,Women,KORALHY 
PRETTYGARDEN Women's Floral Wrap V-Neck Midi Dress Short Sleeve Boho Summer Beach Long Dress High Low Hem Smocked Dress Women,$40.98 ,4.0 out of 5 stars,"1,920 ratings",Not Available,Brand Not Found,Bright Blue,Rank Not Found,Date Not Found,Women,PRETTYGARDEN 
PRETTYGARDEN Women's Summer Maxi Dress Casual Floral V Neck Cap Sleeves Boho High Low Flowy Midi Long Sun Dresses,$41.99 ,4.0 out of 5 stars,"1,092 ratings",Not Available,Brand Not Found,White,Rank Not Found,Date Not Found,Women,PRETTYGARDEN
Dokotoo Womens 2023 Cute V Neck Ruffle Sleeveless Shirts Elegant Tank Tops Blouses,$22.69 ,4.0 out of 5 stars,513 ratings,Not Available,Brand Not Found,Pink,Rank Not Found,Date Not Found,Women,Dokotoo 
"Amazon Basics Portable Foldable Photo Studio Box with LED Light - 25 x 30 x 25 Inches, 1 Count (Pack of 1)",$120.99 ,4.6 out of 5 stars,"3,880 ratings",In Stock,Brand Not Found,Color Not Found,Rank Not Found,Date Not Found,Women,Amazon 
J Kara Women's Petite Caplet Short Cocktail Beaded Dress,$160.47 ,4.2 out of 5 stars,225 ratings,Not Available,Brand Not Found,Blush/Blush/Silver,Rank Not Found,Date Not Found,Women,J Kara
Women's Summer Casual Tops Ruffle Sleeve Blouse V Neck Solid Cute Tunic Shirt,$19.99 ,4.4 out of 5 stars,557 ratings,Not Available,Brand Not Found,A-dark Red Purple,Rank Not Found,Date Not Found,Women,Amazon
Sweat Shorts for Women Cute Print Comfy Lounge Shorts Drawstring High Waisted Casual Activewear Summer Shorts,$8.99 ,Previous page of related Sponsored Products,,Not Available,Brand Not Found,A-dark Blue,Rank Not Found,Date Not Found,Women,Amazon
Dress the Population Women's Lyla Plunging Sleeveless Fitted Midi Sheath Dress,$168.00 ,4.0 out of 5 stars,102 ratings,Not Available,Brand Not Found,Off-white,Rank Not Found,Date Not Found,Women,Amazon
KIRUNDO 2023 Women's Summer Dress Sleeveless Ruffle Sleeve Round Neck Mini Dress Solid Loose Short Flowy Pleated Dress,$22.39 ,3.9 out of 5 stars,"13,496 ratings",Not Available,Brand Not Found,White,Rank Not Found,Date Not Found,Women,KIRUNDO 
SHEWIN Women's Casual Boho Floral Print V Neck Long Sleeve Loose Blouses Shirts Tops,$28.98 ,4.0 out of 5 stars,"11,349 ratings",In Stock,Brand Not Found,1 Floral Multicolor,Rank Not Found,Date Not Found,Women,SHEWIN
BETTE BOUTIK Tank Tops for Women Pleated Sleeveless Blouse Short Sleeve Tops Basic Shirts S-3XL,$23.99 ,4.9 out of 5 stars,26 ratings,In Stock,Brand Not Found,2-orange Cashew,Rank Not Found,Date Not Found,Women,BETTE BOUTIK 
CNFUFEN Womens Leopard Print Cute Tshirts Fashion Knotted Blouse Off-Shoulder Short Sleeve Top,$19.54 ,4.0 out of 5 stars,522 ratings,In Stock,Brand Not Found,1-pea Green,Rank Not Found,Date Not Found,Women,CNFUFEN 
WAYMAKER Women's Sexy One Shoulder Cutout Front Backless Sleeveless Bodysuit Tank Top,$23.99 ,4.5 out of 5 stars,33 ratings,In Stock,Brand Not Found,Nude,Rank Not Found,Date Not Found,Women,WAYMAKER 
WIHOLL Women's T-Shirt V Neck Summer Eyelet Petal Sleeve Dressy Casual Tops,$22.99 ,4.1 out of 5 stars,162 ratings,Not Available,Brand Not Found,3-ombregrey,Rank Not Found,Date Not Found,Women,WIHOLL
Norma Kamali Women's Halter Turtle Side Slit Gown,$123.25 ,4.5 out of 5 stars,139 ratings,Not Available,Brand Not Found,Black,Rank Not Found,Date Not Found,Women,Norma 
Levi's Women's Melanie Bomber Jacket (Standard & Plus Sizes),$19.42 ,4.5 out of 5 stars,"1,170 ratings",Not Available,Brand Not Found,White,Rank Not Found,Date Not Found,Women,Levi's 
Romwe Women's Plus Size Short Sleeve Tie Knot Front Solid Summer T Shirt Dress,$31.99 ,4.0 out of 5 stars,"2,811 ratings",Not Available,Brand Not Found,Black,Rank Not Found,Date Not Found,Women,Romwe 
BTFBM Women's Summer Boho Shirt Top Ruffle Short Sleeve Frill Trim Mock Neck Floral Print 2023 Casual Blouses Shirts Tops,$26.99 ,4.4 out of 5 stars,136 ratings,In Stock,Brand Not Found,Floral Pink,Rank Not Found,Date Not Found,Women,BTFBM 
NEYOUQE Womens Fashion Cozy Hot Pants Casual Summer Elastic Waist Comfy Shorts with Pocket Printed Loungewear,$27.99 ,4.2 out of 5 stars,122 ratings,In Stock,Brand Not Found,A0021 Dark Blue,Rank Not Found,Date Not Found,Women,NEYOUQE
SHIBEVER Womens Sandals Comfortable Summer Dressy Flat Sandals Bohemian T-Strap Flip Flop Thong Sandals,$28.74 ,4.4 out of 5 stars,"3,735 ratings",In Stock,Brand Not Found,220 Apricot,Rank Not Found,Date Not Found,Women,SHIBEVER \
Sunborui Women's Summer Short Sleeve V Neck T Shirts Pocket Solid Loose Casual Tee Tops,$20.98 ,4.2 out of 5 stars,589 ratings,Only 5 left in stock - order soon,Brand Not Found,A-brown,Rank Not Found,Date Not Found,Women,Sunborui 
Dokotoo Womens 2023 Fashion Print Kimono Tassel Casual Cardigan Loose Cover up,$25.96 ,4.2 out of 5 stars,"6,808 ratings",In Stock,Brand Not Found,F321 Sky Blue,Rank Not Found,Date Not Found,Women,Dokotoo 
PRETTYGARDEN Women's Casual Summer Tops Ruffle Short Sleeve Mock Neck Fashion Floral Chiffon Blouse Shirts,$31.99 ,3.8 out of 5 stars,82 ratings,Not Available,Brand Not Found,Pink,Rank Not Found,Date Not Found,Women,PRETTYGARDEN 
IN'VOLAND Women's Plus Size 2 Piece Outfits Cotton Linen Shirt and Drawstring Shorts Set Summer Casual Tracksuits 2023,$39.99 ,3.8 out of 5 stars,21 ratings,Not Available,Brand Not Found,Army Green,Rank Not Found,Date Not Found,Women,IN'VOLAND 
Women's Summer Tops 2023 Fashion Temperament Tie-Dyed Crewneck Short Sleeve Casual Loose T-Shirt Top Tops,$43.99 ,Previous page of related Sponsored Products,,Not Available,Brand Not Found,Purple-1,Rank Not Found,Date Not Found,Women,Amazon
Romwe Women's Short Sleeve V Neck All Over Print High Waist A Line Summer Short Dress,$33.99 ,3.8 out of 5 stars,"6,343 ratings",Not Available,Brand Not Found,Khaki,Rank Not Found,Date Not Found,Women,Romwe 
Lee Women's Relaxed-fit Austyn Knit-Waist Cargo Capri Pant,$27.02 ,4.4 out of 5 stars,"11,065 ratings",Not Available,Brand Not Found,Frost Gray,Rank Not Found,Date Not Found,Women,Lee
Trendy Queen Womens Two Piece Outfits Lounge Matching Sets 2 Piece Summer Casual Crop Top and Shorts 2023 Tracksuits,$23.99 ,4.3 out of 5 stars,27 ratings,Not Available,Brand Not Found,Khaki,Rank Not Found,Date Not Found,Women,Amazon
BTFBM Women's Satin Button Down Shirts Roll Up Long Sleeve Lapel V Neck Loose Casual Work Spring Summer Blouse Tops 2023,$26.99 ,4.1 out of 5 stars,288 ratings,Not Available,Brand Not Found,Leopard Apricot,Rank Not Found,Date Not Found,Women,BTFBM 
Kancystore Womens Button Down V Neck Tie Knot Front Tops 3/4 Sleeve Chiffon Casual Blouse Shirts,$27.98 ,4.2 out of 5 stars,"5,665 ratings",Not Available,Brand Not Found,Pink,Rank Not Found,Date Not Found,Women,Kancystore
"Womens Tennis Dress, Workout Dress with Built-in Bra & Shorts Pockets Exercise Dress for Golf Athletic Dresses for Women",$39.99 ,4.5 out of 5 stars,"3,601 ratings",Not Available,Brand Not Found,Indigo,Rank Not Found,Date Not Found,Women,Amazon
ZESICA Women's 2023 Casual Off Shoulder Solid Color Strapless Belted Wide Leg Jumpsuit Romper,$32.99 ,4.2 out of 5 stars,"5,322 ratings",Not Available,Brand Not Found,Black,Rank Not Found,Date Not Found,Women,ZESICA
Levi's Women's Ribcage Straight Ankle Jeans,$55.65 ,4.3 out of 5 stars,"5,550 ratings",Not Available,Brand Not Found,Summer Slide - Light Indigo,Rank Not Found,Date Not Found,Women,Levi's 
Columbia Women's Anytime Casual Skort,$45.99 ,4.6 out of 5 stars,"5,329 ratings",Not Available,Brand Not Found,City Grey - Legacy,Rank Not Found,Date Not Found,Women,Columbia 
AUTOMET Women’s Summer 2 Piece Outfits Shorts Sets Sleeveless Round Neck Crop Top Tank and High Waisted Shorts with Pockets,$26.99 ,4.1 out of 5 stars,468 ratings,Not Available,Brand Not Found,Black,Rank Not Found,Date Not Found,Women,AUTOMET 
Lee Women's Secretly Shapes Regular Fit Straight Leg Pant,$27.78 ,4.2 out of 5 stars,"6,062 ratings",Not Available,Brand Not Found,Boulder Gray,Rank Not Found,Date Not Found,Women,Lee 
Handyulong Maxi Dresses for Women Summer Sleeveless Boho Sundress Casual V-Neck Long Dresses Hawaiian Vacation Beach Dress,$11.98 ,4.5 out of 5 stars,,Not Available,Brand Not Found,A02-blue,Rank Not Found,Date Not Found,Women,Handyulong
Jessica Simpson Women's Plus Size Pixie Classic Feminine Fit Crop Jean Jacket,$68.20 ,4.4 out of 5 stars,"1,258 ratings",Not Available,Brand Not Found,White/White,Rank Not Found,Date Not Found,Women,Jessica Simpson 
BTFBM Women 2023 Summer Fashion V Neck Wrap Rompers Swiss Dot Pocketed Elastic Waist Short Sleeve Beach Shorts Jumpsuit,$37.99 ,3.8 out of 5 stars,"2,145 ratings",Not Available,Brand Not Found,Button Lake Blue,Rank Not Found,Date Not Found,Women,BTFBM 
PRETTYGARDEN Women's Summer Sexy V Neck Romper 2023 Fashion Sleeveless Casual Waist Tie Short Jumpsuit With Pocket,$34.99 ,3.9 out of 5 stars,59 ratings,Not Available,Brand Not Found,Bean Paste,Rank Not Found,Date Not Found,Women,PRETTYGARDEN 
KUT from the Kloth Catherine Boyfriend Jeans,$89.00 ,4.3 out of 5 stars,"2,336 ratings",Not Available,Brand Not Found,Doubtless/Medium Base Wash,Rank Not Found,Date Not Found,Women,KUT 
PRETTYGARDEN Women's Floral Boho Dress Casual Short Sleeve V Neck Ruffle Tiered 2023 Summer Swing Maxi Dresses,$39.99 ,4.0 out of 5 stars,"1,618 ratings",Not Available,Brand Not Found,Apricot,Rank Not Found,Date Not Found,Women,PRETTYGARDEN
Dokotoo Pants for Women Casual Elastic Waist Wide Leg Pants with Pockets,$32.99 ,4.0 out of 5 stars,79 ratings,Not Available,Brand Not Found,1 White,Rank Not Found,Date Not Found,Women,Dokotoo 
CHICWISH Women's Caramel/Dusty Blue/White/Black 3D Posy Double-Layered Mesh Midi Skirt,$35.90 ,4.2 out of 5 stars,"3,559 ratings",Not Available,Brand Not Found,Caramel-3d Posy,Rank Not Found,Date Not Found,Women,CHICWISH 
Summer Spring Dresses for Women 2023 Vacation Floral Beach Dress Plus Size V Neck Midi Dress Fashion Casual Flowy Sundress,$7.99 ,Previous page of related Sponsored Products,,Not Available,Brand Not Found,F,Rank Not Found,Date Not Found,Women,Summer Spring
GRACE KARIN Women's 50s Vintage Pencil Dress Cap Sleeve Wiggle Dress CL7597,$38.99 ,4.3 out of 5 stars,"11,479 ratings",Not Available,Brand Not Found,C-35,Rank Not Found,Date Not Found,Women,GRACE KARIN 
ZESICA Women's 2023 Boho Summer One Shoulder Short Sleeve Smocked Side Split Ruffle Swing Midi Dress,$38.99 ,4.3 out of 5 stars,83 ratings,Not Available,Brand Not Found,Black,Rank Not Found,Date Not Found,Women,ZESICA 
"HUE Women's Wide Waistband Blackout Cotton Capri Leggings, Assorted",$21.17 ,4.3 out of 5 stars,"4,189 ratings",Not Available,Brand Not Found,White,Rank Not Found,Date Not Found,Women,HUE 
Floerns Women's Boho Floral Print Off Shoulder Split Long A Line Dress,$41.99 ,4.0 out of 5 stars,"12,832 ratings",Not Available,Brand Not Found,Red/White,Rank Not Found,Date Not Found,Women,Floerns 
Womens Two Piece Outfits Summer Shorts Sets Lounge Matching Sets Sleeveless Tops Sweatsuit 2023 Clothes Vacation Set,$6.99 ,Previous page of related Sponsored Products,,Not Available,Brand Not Found,Black,Rank Not Found,Date Not Found,Women,Womens
ANRABESS Womens 2023 Spring Summer Casual Open Front Long Sleeve Lightweight Work Office Jackets Blazer Suit,$44.99 ,3.9 out of 5 stars,125 ratings,Not Available,Brand Not Found,Green,Rank Not Found,Date Not Found,Women,ANRABESS 
Wide Leg Pants Sets Women 2 Piece Outfits Casual Long Sleeve Button Down Shirt Linen Pants Outfits Fashion Streetwear,$29.99 ,4.0 out of 5 stars,327 ratings,Not Available,Brand Not Found,Clear Green,Rank Not Found,Date Not Found,Women,Amazon
SweatyRocks Women's Knit Crop Top Ribbed Sleeveless Halter Neck Vest Tank Top,$22.99 ,3.9 out of 5 stars,"1,246 ratings",Not Available,Brand Not Found,Apricot,Rank Not Found,Date Not Found,Women,SweatyRocks 
"BALEAF Women's Bermuda Long Shorts Athletic High Waisted Shorts 10"" Casual Summer Running Quick Dry Knee Length",$26.99 ,4.5 out of 5 stars,"5,507 ratings",In Stock,Brand Not Found,Black,Rank Not Found,Date Not Found,Women,BALEAF
GLIGLITTR Women's Summer Sunflower T Shirt Cute Flower Graphic Loose Tees Crew Neck Short Sleeve Casual Tops,$22.99 ,4.5 out of 5 stars,"6,825 ratings",In Stock,Brand Not Found,Light Green,Rank Not Found,Date Not Found,Women,GLIGLITTR 
Anyally Womens Summer Dressy Chiffon Blouses V Neck Short Sleeve Tunic Tops for Leggings Casual T-Shirts,$28.99 ,4.4 out of 5 stars,183 ratings,,Brand Not Found,Petal Sleeve/Khaki,Rank Not Found,Date Not Found,Women,Anyally 
CATHY Womens Short Sleeve Casual T-Shirts V Neck Tops Tee Loose Comfy Tunic Blouse Lightweight Cute,$25.99 ,4.2 out of 5 stars,"5,173 ratings",In Stock,Brand Not Found,Mix Light Flower,Rank Not Found,Date Not Found,Women,CATHY
CATHY Womens Casual Short Sleeve T-Shirts Crewneck Tunic Tops Loose Comfy Tee Blouse Lightweight Cute,$25.99 ,4.3 out of 5 stars,"1,338 ratings",In Stock,Brand Not Found,Blue Tie-dye,Rank Not Found,Date Not Found,Women,CATHY 
WELINCO Womens Summer Casual V Neck Petal Sleeve T-Shirts Basic Tops,$21.99 ,4.6 out of 5 stars,24 ratings,In Stock,Brand Not Found,Brown,Rank Not Found,Date Not Found,Women,WELINCO
Funlingo Women's 2023 Summer Petal Short Sleeve T-Shirts Casual V Neck Eyelet Tops Tunic Blouses,$19.99 ,Previous page of related Sponsored Products,,In Stock,Brand Not Found,White,Rank Not Found,Date Not Found,Women,Funlingo 
Grlasen Women Fashion Summer V-Neck Half Sleeves T Shirt Casual Loose Solid Blouse Tops,$20.99 ,3.6 out of 5 stars,216 ratings,In Stock,Brand Not Found,Orange,Rank Not Found,Date Not Found,Women,Grlasen 
ETCYY Summer Tops for Women 2023 Trendy Causal Cute Tank Tops Loose Fit Tie Dye Lace V Neck Sleeveless Shirts Blouse,$18.79 ,3.7 out of 5 stars,53 ratings,In Stock,Brand Not Found,Pure Black,Rank Not Found,Date Not Found,Women,ETCYY
CHICWISH Women's Caramel/Dusty Blue/White/Black 3D Posy Double-Layered Mesh Midi Skirt,$35.90 ,4.2 out of 5 stars,"3,559 ratings",Not Available,Brand Not Found,Caramel-3d Posy,Rank Not Found,Date Not Found,Women,CHICWISH 
Plus Size 2 Piece Outfits for Women Summer Boho Ruffle Crop Top Shorts Set Floral Print Beach Cover Up,$34.99 ,3.8 out of 5 stars,"2,282 ratings",Not Available,Brand Not Found,7081-green,Rank Not Found,Date Not Found,Women,Amazon
ANRABESS Womens 2023 Spring Summer Casual Open Front Long Sleeve Lightweight Work Office Jackets Blazer Suit,$44.99 ,3.9 out of 5 stars,125 ratings,Not Available,Brand Not Found,Green,Rank Not Found,Date Not Found,Women,ANRABESS 
Miusey Womens Sleeveless Round Neck Loose Fit Racerback Yoga Tank Top,$22.94 ,4.4 out of 5 stars,"5,423 ratings",In Stock,Brand Not Found,Gray,Rank Not Found,Date Not Found,Women,Miusey 
Womens Summer Tops Fashion Tank Tops Trendy Loose Fit Womens Tops with Cute Printing,$17.88 ,4.2 out of 5 stars,"3,362 ratings",In Stock,Brand Not Found,Print-7,Rank Not Found,Date Not Found,Women,Womens Summer Tops 
Viracy Women's Zip Up Golf Workout Tank Tops Sleeveless Quick Dry Athletic Polo Shirts (S-3XL),$27.99 ,4.4 out of 5 stars,698 ratings,In Stock,Brand Not Found,Grey,Rank Not Found,Date Not Found,Women,Viracy 
ETCYY NEW Women Tank Tops Summer Casual Sleeveless Shirts V Neck Womens Tops with Cute Print,$20.98 ,4.1 out of 5 stars,"1,069 ratings",In Stock,Brand Not Found,A-print4,Rank Not Found,Date Not Found,Women,ETCYY
Kimmery Woman Raglan Sleeve Round Neck Irregular Hem Yoga Workout Shirt Sizes M-3XL,$24.99 ,4.3 out of 5 stars,"1,126 ratings",In Stock,Brand Not Found,Ocean Blue,Rank Not Found,Date Not Found,Women,Kimmery
COTECRAM Summer Dresses for Women 2023 Casual Beach Sleeveless Sundresses Sexy Flowy Boho Dress with Pockets Ladies Cover Ups,$12.69 ,5.0 out of 5 stars,2 ratings,Not Available,Brand Not Found,H Black,Rank Not Found,Date Not Found,Women,COTECRAM 
J Kara Women's Petite Caplet Short Cocktail Beaded Dress,$160.47 ,4.2 out of 5 stars,225 ratings,Not Available,Brand Not Found,Blush/Blush/Silver,Rank Not Found,Date Not Found,Women,J Kara 
SweatyRocks Women's Knit Crop Top Ribbed Sleeveless Halter Neck Vest Tank Top,$11.99 ,3.9 out of 5 stars,"1,246 ratings",Not Available,Brand Not Found,Apricot,Rank Not Found,Date Not Found,Women,SweatyRocks 
Signature by Levi Strauss & Co. Gold Label Women's Modern Skinny Jeans (Standard and Plus),$18.75 ,4.4 out of 5 stars,"48,077 ratings",Not Available,Brand Not Found,Bae,Rank Not Found,Date Not Found,Women,Signature 
KINSWT Shorts for Women Casual Summer Elastic Drawstring Comfy Shorts Pocketed,$27.99 ,4.2 out of 5 stars,53 ratings,Not Available,Brand Not Found,A-beige,Rank Not Found,Date Not Found,Women,KINSWT 
EFAN Women's Cute Hoodies Teen Girl Fall Jacket Oversized Sweatshirts Casual Drawstring Clothes Zip Up Y2K Hoodie with Pocket,$33.99 ,4.4 out of 5 stars,"3,991 ratings",Not Available,Brand Not Found,Apricot,Rank Not Found,Date Not Found,Women,EFAN 
Vanity Fair Women's Beauty Back Smoothing Strapless Bra (34B - 44DD),$24.31 ,4.1 out of 5 stars,"23,529 ratings",Not Available,Brand Not Found,Rose Beige,Rank Not Found,Date Not Found,Women,Vanity 
Sunborui Women's Summer Short Sleeve V Neck T Shirts Pocket Solid Loose Casual Tee Tops,$20.98 ,4.2 out of 5 stars,589 ratings,,Brand Not Found,A-brown,Rank Not Found,Date Not Found,Women,Sunborui
NEYOUQE Womens Fashion Cozy Hot Pants Casual Summer Elastic Waist Comfy Shorts with Pocket Printed Loungewear,$27.99 ,4.2 out of 5 stars,122 ratings,In Stock,Brand Not Found,A0021 Light Blue,Rank Not Found,Date Not Found,Women,NEYOUQE 
Miusey Womens Sleeveless Round Neck Loose Fit Racerback Yoga Tank Top,$19.99 ,4.4 out of 5 stars,"5,423 ratings",In Stock,Brand Not Found,Gray,Rank Not Found,Date Not Found,Women,Miusey 
KORALHY Women's Sports Polo Shirts UPF50+ Sleeveless Golf Shirts V Neck 4-Button Quick Dry Tank Tops,$10.99 ,4.3 out of 5 stars,385 ratings,,Brand Not Found,Green,Rank Not Found,Date Not Found,Women,KORALHY 
LURANEE Women's Short Sleeve Moisture Wicking Athletic Shirts Quarter Zip Pullover,$20.99 ,4.2 out of 5 stars,650 ratings,Only 5 left in stock - order soon,Brand Not Found,Blue,Rank Not Found,Date Not Found,Women,LURANEE 
IN'VOLAND Women's Plus Size 2 Piece Outfits Cotton Linen Shirt and Drawstring Shorts Set Summer Casual Tracksuits 2023,$39.99 ,3.8 out of 5 stars,21 ratings,Not Available,Brand Not Found,Army Green,Rank Not Found,Date Not Found,Women,IN'VOLAND 
Levi's Women's 311 Shaping Skinny Jeans (Standard and Plus),$37.50 ,4.4 out of 5 stars,"13,317 ratings",Not Available,Brand Not Found,Maui Views,Rank Not Found,Date Not Found,Women,Levi's 
BETTE BOUTIK Tank Tops for Women Pleated Sleeveless Blouse Short Sleeve Tops Basic Shirts S-3XL,$23.99 ,4.9 out of 5 stars,26 ratings,In Stock,Brand Not Found,2-orange Cashew,Rank Not Found,Date Not Found,Women,BETTE BOUTIK 
OWIN Women's Summer Round Neck Ruffle Short Sleeve T shirts Bodysuit Stretchy Slim Fit Ribbed Knit Leotard Tops,$21.98 ,4.7 out of 5 stars,21 ratings,In Stock,Brand Not Found,Pink,Rank Not Found,Date Not Found,Women,OWIN 
CNFUFEN Womens Leopard Print Cute Tshirts Fashion Knotted Blouse Off-Shoulder Short Sleeve Top,$19.54 ,4.0 out of 5 stars,522 ratings,In Stock,Brand Not Found,1-pea Green,Rank Not Found,Date Not Found,Women,CNFUFEN 
Tribear Women's Summer Ripped Hole High Waist Casual Short Jeans,$16.99 ,4.3 out of 5 stars,"2,207 ratings",In Stock,Brand Not Found,Blue2,Rank Not Found,Date Not Found,Women,Tribear 
"Kasa Smart HS100 WiFi Smart Plug, Classic 1-Pack, White",$38.99 ,4.5 out of 5 stars,"23,624 ratings",Only 4 left in stock - order soon,Brand Not Found,Color Not Found,Rank Not Found,Date Not Found,Women,Kasa 
BTFBM Women 2023 Summer Casual Halter Neck A-Line Dress Sleeveless Belted Swing Pleated Cocktail Party Beach Mini Dresses,$38.99 ,4.0 out of 5 stars,89 ratings,Not Available,Brand Not Found,Solid Black,Rank Not Found,Date Not Found,Women,Amazon
Vivilli Women's Tops and Blouses Short Sleeve Business Casual Collared Tunic Shirt,$26.99 ,4.7 out of 5 stars,8 ratings,Not Available,Brand Not Found,Army Green,Rank Not Found,Date Not Found,Women,Vivilli 
ANRABESS Women's Causal Tank Jumpsuits Sleeveless Drawstring Elastic Waist Loose Summer Romper Outfits with Pockets,$32.99 ,4.4 out of 5 stars,"9,197 ratings",Not Available,Brand Not Found,01-leaf Print,Rank Not Found,Date Not Found,Women,ANRABESS 
WAYMAKER Women's Sexy One Shoulder Cutout Front Backless Sleeveless Bodysuit Tank Top,$23.99 ,4.5 out of 5 stars,33 ratings,In Stock,Brand Not Found,Nude,Rank Not Found,Date Not Found,Women,WAYMAKER
NEYOUQE Womens Fashion Cozy Hot Pants Casual Summer Elastic Waist Comfy Shorts with Pocket Printed Loungewear,$27.99 ,4.2 out of 5 stars,122 ratings,In Stock,Brand Not Found,A0021 Dark Blue,Rank Not Found,Date Not Found,Women,NEYOUQE 
Govc Women Casual Summer Mid Waist Stretchy Denim Jean Shorts Junior Short Jean,$29.88 ,4.3 out of 5 stars,"15,353 ratings",In Stock,Brand Not Found,6010khaki,Rank Not Found,Date Not Found,Women,Govc 
Mansy Women's Casual Floral Print V Neck Ruffle Short Sleeve Summer Shirts Tops Loose Blouses,$27.97 ,4.1 out of 5 stars,"4,568 ratings",In Stock,Brand Not Found,A-05-khaki,Rank Not Found,Date Not Found,Women,Mansy 
PRETTYGARDEN Women's 2 Piece Summer Outfits Casual One Shoulder Crop Top and High Waisted Shorts Loungewear Set,$33.99 ,4.1 out of 5 stars,56 ratings,Not Available,Brand Not Found,Rose Red,Rank Not Found,Date Not Found,Women,PRETTYGARDEN 
BAGELISE Women's Maxi Dress Summer Casual Sundress Sleeveless Long Dresses Hawaiian Beach Maxi Dress,$6.38 ,5.0 out of 5 stars,1 rating,Not Available,Brand Not Found,T2-khaki,Rank Not Found,Date Not Found,Women,BAGELISE 
PRETTYGARDEN Women's 2023 Fall Fashion Outfits 2 Piece Sweatsuit Solid Color Long Sleeve Pullover Long Pants Tracksuit,$41.99 ,4.1 out of 5 stars,"4,880 ratings",Not Available,Brand Not Found,Apricot,Rank Not Found,Date Not Found,Women,PRETTYGARDEN 
MEROKEETY Women's Summer Lace Short Sleeve V Neck Tops Shirt Loose Casual Waffle Tee Blouse,$27.99 ,4.0 out of 5 stars,"1,664 ratings",Not Available,Brand Not Found,Apricot,Rank Not Found,Date Not Found,Women,MEROKEETY 
"HUE Women's Wide Waistband Blackout Cotton Capri Leggings, Assorted",$21.17 ,4.3 out of 5 stars,"4,189 ratings",Not Available,Brand Not Found,White,Rank Not Found,Date Not Found,Women,HUE 
EFAN Womens Sexy Sleeveless High Neck Workout Crop Tops Cute Racerback Cropped Tank Tops Teen Girls Summer Clothes,$15.29 ,4.3 out of 5 stars,"2,056 ratings",Not Available,Brand Not Found,White,Rank Not Found,Date Not Found,Women,EFAN 
Dokotoo Womens Crewneck Crochet Lace Long Sleeve Hollow Out Cable Knit Pullover Sweaters Tops,$39.99 ,4.0 out of 5 stars,"1,405 ratings",Not Available,Brand Not Found,A Apricot,Rank Not Found,Date Not Found,Women,Dokotoo 
Nautica Women's Breton Stripes Sleeveless V-Neck Stretch Cotton Polo Dress,$34.99 ,4.5 out of 5 stars,"3,695 ratings",Not Available,Brand Not Found,Navy,Rank Not Found,Date Not Found,Women,Nautica 
Dokotoo Womens Spring Summer One Shoulder Solid Tunic Shirts Tie Knot Loose Tank Top,$19.99 ,4.1 out of 5 stars,64 ratings,Not Available,Brand Not Found,White,Rank Not Found,Date Not Found,Women,Dokotoo 
Womens Cargo Capris Hiking Pants Lightweight Quick Dry Outdoor Athletic Capri Summer Casual Bermuda Shorts w Pockets,$10.79 ,Previous page of related Sponsored Products,,Not Available,Brand Not Found,A1#blue,Rank Not Found,Date Not Found,Women,Amazon
ODODOS Women's Crop 3-Pack Washed Seamless Rib-Knit Camisole Crop Tank Tops,$28.98 ,4.4 out of 5 stars,"4,611 ratings",Not Available,Brand Not Found,beige,Rank Not Found,Date Not Found,Women,ODODOS 
Dokotoo Womens 2023 Summer Floral Print Off The Shoulder Elastic Waist Boho Mini Dresses,$36.99 ,4.3 out of 5 stars,37 ratings,Not Available,Brand Not Found,White,Rank Not Found,Date Not Found,Women,Dokotoo 
Floerns Women's Boho Floral Print Off Shoulder Split Long A Line Dress,$41.99 ,4.0 out of 5 stars,"12,832 ratings",Not Available,Brand Not Found,Red/White,Rank Not Found,Date Not Found,Women,Floerns 
WIHOLL Two Piece Outfits for Women Short Sleeve V Neck Biker Shorts Set,$26.99 ,4.3 out of 5 stars,"12,166 ratings",Not Available,Brand Not Found,1-black,Rank Not Found,Date Not Found,Women,WIHOLL 
